289,,,,,289,,,,,289,,,,289,,,,,,,289,,"ไม่สนใจส่วนใหญ่ โควตาหมดไว เลยไม่ค่อยได้ใช้ระบบ หรือออกจาก สปสช. AIติดภาษาถิ่น"""
รายชื่อลูกค้า,,,,,ติดตามสถานะ PresScribe AI,,,,,ติดตามสถานะ iService,,,,สถานะโทรเชิญชวน,,,,,,,สถานะโทรเชิญชวน MED AI,,
ลำดับ,รหัสหน่วยบริการ,ชื่อลูกค้า,  จังหวัด,BD,สถานะ Provider ID,สถานะการใช้งานระบบ AI,วันที่ปรับสถานะ,หมายเหตุ,Feedback, สถานะ BD,วันที่ปรับสถานะ,หมายเหตุ,Feedback, สถานะโทรติดตาม,รหัสหน่วยบริการ,ai,service, ,หมายเหตุ,Service ที่มี,MED AI,วันที่ติดต่อล่าสุด,feedback
1,CA0001914,คลินิกเวชกรรมแพทย์หญิงบุษยมาศ,นครศรีธรรมราช,อริสรา ส่วนบุญ,-,,,,,-,,,,ไม่สนใจทั้งสองระบบ,CA0001914,ไม่สนใจ AI,ไม่สนใจ iService,26/1/2026,"09/1/2026 คุณหมอติดคนไข้ แจ้งว่าติดต่ออีกทีเวลา 20.00 น.
23/1/2026 นำเสนอระบบ ยังไม่สนใจในตอนนี้",,0.ยังไม่ได้ติดต่อ,,
2,CA0001344,คลินิกเฉพาะทางด้านเวชกรรมสาขาอายุรศาสตร์ แพทย์ธนาวิชญ์,แพร่,ศิรภัสสร ฐิตะจิราพงษ์,-,-,,,,3. ลูกค้าทดลองใช้,16/2/2026,,,สนใจ iService,CA0001344,ไม่สนใจ AI,สนใจ iService,26/1/2026,"09/1/2026 คูณหมอตรวจคนไข้อยู่ (มี iservice)
26/1/2026 เคยใช้ iService แล้วได้มีการฟีดแบคไปยังเจ้าของเคสเรียบร้อย ตัวระบบ PresScribe AI ยังไม่สนใจ",มี iservice,0.ยังไม่ได้ติดต่อ,,
3,CA0001032,สุกิจคลินิกเวชกรรม สาขาจุน,พะเยา,จตุพร ผาสุจิต,-,-,,,,-,,,,รอพิจารณา,CA0001032,รอพิจารณา,รอพิจารณา,09/1/2026,พี่หนึ่งติดต่อแล้ว,,0.ยังไม่ได้ติดต่อ,,
4,49519,คลินิกเวชกรรมหมอวาริช,ลำพูน,ชลธิชา ช่วยพันธ์,-,-,,,,-,,,,ติดต่อใหม่,49519,ติดต่อใหม่,ติดต่อใหม่,20/2/2026,"09/1/2026 คุณหมอแจ้งว่า กำลังเปิดคลินิกค้าบ
23/01/26 หมอติดตรวจอยู่
26/1/2026 ไม่รับสาย
09/02/2026 โทรไม่ติด
17/02/26 ไม่รับสาย
20/02/26 ไม่รับสาย 17.23 น.",,0.ยังไม่ได้ติดต่อ,,
5,CA0001493,แพทย์ไฟซอล คลินิกเวชกรรม,ยะลา,ศิรภัสสร ฐิตะจิราพงษ์,2.4 ทางคลินิกกด Activate,อยู่ระหว่างสมัคร Provider ID,25/02/2026,"คุณหมอกรอกข้อมูลสำหรับสมัคร Provider id นามคลินิกเรียบร้อยรอดำเนินการต่อ
16/02/26 ทีมเทคนิคเซ็ต Licen AI แล้ว รอสมัคร Provider และรอนัดหมายเทรนนิ่งใช้งาน

25/02/26 ให้ลูกคาแเพิ่มข้อมูลและส่งกลับให้พี่น้ำฝนใหม่เลเ้ว ",,-,,,,สนใจ AI,CA0001493,สนใจ AI,ไม่สนใจ iService,09/1/2026,สนใจทดลองใช้ ให้อีฟส่งรายละเอียดให้ทางไลน์,,0.ยังไม่ได้ติดต่อ,,
6,CA0001271,หมอเอม คลินิกเวชกรรม,ตาก,อริสรา ส่วนบุญ,-,-,,,,-,,,,ไม่สนใจทั้งสองระบบ,CA0001271,ไม่สนใจ AI,ไม่สนใจ iService,09/1/2026,ยังไม่สนใจใช้งาน เนื่องจากเป็นคลินิกเล็กเปิดแค่ช่วงเย็น คนไข้แค่ 3-4 คน,,0.ยังไม่ได้ติดต่อ,,
7,CA0001389,คลินิกเวชกรรมแพทย์หญิงปภาวรินท์,ศรีสะเกษ,ณิชกุล เจริญสุข,-,-,,,,-,,,,ติดต่อใหม่,CA0001389,ติดต่อใหม่,ติดต่อใหม่,25/2/2026,"09/1/2026 โทรไม่ติด / โทรติดตามใหม่ไม่ติด
26/1/2026 เข้าสู่ระบบฝากข้อความ
09/02/2026 เข้าสู่ระบบฝากข้อความ
17/02/2026 เข้าสู่ระบบฝากข้อความ
18/02/2026 เข้าสู่ระบบฝากข้อความ
20/02/26 เข้าสู่ระบบฝากข้อความ
24/02/26 เข้าสู่ระบบฝากข้อความ
25/02/26 เข้าสู่ระบบฝากข้อความ",,0.ยังไม่ได้ติดต่อ,,
8,CA0001809,คลินิกเวชกรรมแพทย์หญิงจิตราวรรณ,สตูล,ธวัชชัย รุ่งเสถียรภูธร,-,-,,,,-,,,,รอพิจารณา,CA0001809,รอพิจารณา,รอพิจารณา,09/1/2026,แจ้งรายละเอียดคร่าวๆแล้ว แจ้งว่าหากสนใจให้ติดต่อพี่บูมได้เลย,,0.ยังไม่ได้ติดต่อ,,
9,CA0001364,คลินิกเวชกรรมแพทย์ปวิชญา,ศรีสะเกษ,ณิชกุล เจริญสุข,1.1 ส่งให้ลูกค้ากรอก,อยู่ระหว่างสมัคร Provider ID,09/02/2026,รอหมอกรอกข้อมูล Provider ID,,-,,,,สนใจ AI,CA0001364,สนใจ AI,ไม่สนใจ iService,09/2/2026,"09/1/2026 หมอแจ้งว่า พอดีเปิดคลินิกค่ะ
26/1/2026  โทรไปแล้วไม่พูด
09/02/2026 เข้าสู่ระบบฝากข้อความ / โทรกลับมาสนใจ AI",,0.ยังไม่ได้ติดต่อ,,
10,55095,คลินิกเวชกรรมนายแพทย์กฤษพงษ์(กาบเชิง),สุรินทร์,อริสรา ส่วนบุญ,-,-,,,,-,,,,ไม่สนใจทั้งสองระบบ,55095,ไม่สนใจ AI,ไม่สนใจ iService,26/1/2026,"09/1/2026 หมอติดคนไข้ โทรช่วงเที่ยงๆก็ได้น้า
23/1/2026 หมอเเจ้งว่า ผมหวัดดีปีใหม่ผู้ใหญ่อยู่เดี๋ยวโทรกลับน้า
26/1/2026 คนไข้น้อยลงมากช่วงนี้ เพราะด้วยนโยบายของ สปสช. คนไข้ชำระเงินสดก็ไม่ค่อยมี เลยยังไม่จำเป็นต้องระบบอื่นเพิ่มเติม",,0.ยังไม่ได้ติดต่อ,,
11,51660,คลินิกเวชกรรมแพทย์หญิงรัตนวลี,พิษณุโลก,ชลธิชา ช่วยพันธ์,-,-,,,,-,,,,รอพิจารณา,51660,รอพิจารณา,รอพิจารณา,09/1/2026,ทางคลินิกแจ้งว่า ช่วงนี้อาจจะยังไม่ได้ใช้งาน หากสนใจจะติดต่อพี่การ์ฟิวส์ไป,,0.ยังไม่ได้ติดต่อ,,
12,CA0001871,พบแพทย์ คลินิกเวชกรรม,พะเยา,ธนวัฒน์ เศวตวงศ์,-,-,,,,-,,,,ไม่สนใจทั้งสองระบบ,CA0001871,ไม่สนใจ AI,ไม่สนใจ iService,20/2/2026,ประชาสัมพันธ์ AI ไปแล้ว ที่คลินิกยังไม่มีไมค์,,0.ยังไม่ได้ติดต่อ,,
13,CA0001769,รัญชิดาคลินิกเวชกรรม,เชียงใหม่,ณิชกุล เจริญสุข,-,-,,,,-,,,,ไม่สนใจทั้งสองระบบ,CA0001769,ไม่สนใจ AI,ไม่สนใจ iService,26/1/2026,"09/1/2026 ตอนนี้ติดธุระอยู่ค่า เป็นช่วงเย็นๆได้ไหมคะ
26/1/2026 ตอนนี้ยังไม่สนใจ",,0.ยังไม่ได้ติดต่อ,,
14,47554,พิมคลินิกเวชกรรม สาขาสีลม,กรุงเทพมหานคร,ปาณิสรา ตรีรัตนธำรง,-,-,,,,-,,,,รอพิจารณา,47554,รอพิจารณา,รอพิจารณา,09/1/2026,คุณหมอแจ้งว่าผมเคยฟัง Present มาแล้ว,,0.ยังไม่ได้ติดต่อ,,
15,CA0001476,แพทย์รัชชานนท์ คลินิกเฉพาะทางด้านเวชกรรมอายุรศาสตร์,พิษณุโลก,ศิรภัสสร ฐิตะจิราพงษ์,3.มี Provider ID สำหรับคลินิกเเล้ว,5.1 Training การใช้งาน,25/02/2026,"9/02/26 รอได้รับเมลตอบกลับ ติดตามผล 4-5 วัน กรอกสมัครไปเมื่อวันที่ 9/02/26
11/02/26 ได้รับเมล Licen AI เเล้ว
16/02/26 ทีมเทคนิคเซ็ตระบบเเล้ว รอนัดหมายเทรนนิ่งใช้งาน
25/02/26 แจ้ง BD นัดเทรนระบบ AI",,3. ลูกค้าทดลองใช้,10/2/2026,เปิดระบบให้กับลูกค้าเรียบร้อยแล้ว รอทางคลินิกเข้ามาทดลองใช้งาน,,สนใจ AI+iService,CA0001476,สนใจ AI,สนใจ iService,09/2/2026,"09/1/2026 ไม่รับสาย / ไม่รับสาย 13.46 น.
26/1/2026 ไม่รับสาย
09/02/2026 สนใจทั้ง 2",มี iservice,0.ยังไม่ได้ติดต่อ,,
16,54124,คลินิกเวชกรรมนายแพทย์จิรวัฒน์,แพร่,จตุพร ผาสุจิต,-,-,,,,-,,,,ไม่สนใจทั้งสองระบบ,54124,ไม่สนใจ AI,ไม่สนใจ iService,20/2/2026,"09/01/26 ประชาสัมพันธ์ AI ไปแล้ว  คุณหมอแจ้งว่า ยังไม่สนใจ
20/02/26 ทางคลินิกถูกออดิท และยังลังเลกับนโยบายใหม่สปสช. เลยไม่ได้ใช้ระบบเลย รอเคลียออดิท",,0.ยังไม่ได้ติดต่อ,,
17,90189,คลินิกเวชกรรม รวมแพทย์หล่มสัก,เพชรบูรณ์,ชลธิชา ช่วยพันธ์,-,-,,,,-,,,,ไม่สนใจทั้งสองระบบ,90189,ไม่สนใจ AI,ไม่สนใจ iService,20/2/2026,ประชาสัมพันธ์ AI ไปแล้ว  ยังไม่สนใจใช้งาน ทุกวันนี้ใช้งานก็ปกติดีแล้ว,,0.ยังไม่ได้ติดต่อ,,
18,CA0000639,คูณหอม คลินิกเวชกรรม,กรุงเทพมหานคร,ณิชกุล เจริญสุข,-,-,,,,-,,,,รอพิจารณา,CA0000639,รอพิจารณา,รอพิจารณา,09/2/2026,"09/1/2026 คุณหมอแจ้งว่าค่อยโทรมาใหม่ได้ไหมครับ ยังไม่สะดวกคุยครับ / 1301 แจ้งว่ายังไม่สะดวกคุย ให้อายส่งรายละเอียดให้ทางไลน์ดีกว่า
26/1/2026 แจ้งว่ายังไม่สะดวกคุย
09/02/26  ให้อายส่งรายละเอียดให้ทางไลน์แล้ว",,0.ยังไม่ได้ติดต่อ,,
19,CA0001175,คลินิกเวชกรรมเฉพาะทาง แพทย์เวชศาสตร์ครอบครัว,ลำปาง,ชลธิชา ช่วยพันธ์,-,-,,,,-,,,,รอพิจารณา,CA0001175,รอพิจารณา,รอพิจารณา,09/1/2026,ขอรายละเอียดส่งให้ทางไลน์เพื่อศึกษาก่อน,,0.ยังไม่ได้ติดต่อ,,
20,27153,คลินิกเวชกรรมนายแพทย์สุพัตร,ร้อยเอ็ด,อริสรา ส่วนบุญ,2.4 ทางคลินิกกด Activate,อยู่ระหว่างสมัคร Provider ID,25/02/2026,"11/02/2026 ส่งไฟล์ให้ลูกค้ากรอก
16/02/26 ทีมเทคนิคเซ็ตระบบเเล้ว รอนัดหมายเทรนนิ่งใช้งาน  25/02/2026 ได้รับไฟล์จากคลินิกแล้ว ส่งให้ไนซ์ดำเนินการต่อ
25/02/26 ส่งไฟล์ excel ให้ TID แล้ว
27/02/26 รอหมอกด activate",,2. นำส่ง User ให้ลูกค้าเเล้ว,12/2/2026,เปิดระบบให้กับลูกค้าเรียบร้อยแล้ว รอทางคลินิกเข้ามาทดลองใช้งาน,,สนใจ AI+iService,27153,สนใจ AI,สนใจ iService,26/1/2026,"09/1/2026 โทรไม่ติด / โทรติดตามใหม่ไม่ติด 13.50 น.
26/1/2026 คุณหมอสนใจใช้งานทั้ง 2 ระบบ เบื้องต้นมี Provider ID ในนามคลินิกแล้ว",มี iservice,0.ยังไม่ได้ติดต่อ,,
21,CA0002187,วิสุทธิ์คลินิกเวชกรรม,สงขลา,ธวัชชัย รุ่งเสถียรภูธร,3.มี Provider ID สำหรับคลินิกเเล้ว,5.1 Training การใช้งาน,16/02/2026,"12/01/26 นำส่งข้อมูลให้พี่น้ำฝนนำเข้าระบบเเล้ว
14/01/26 แจ้งลูกค้ากด Activate
11/02/26 โทรติดตามการขอ Licene AI ยังไม่ได้รับ / ได้รับ License AI ทางเมลแล้ว
16/02/26 ทีมเทคนิคเซ็ตระบบเเล้ว รอนัดหมายเทรนนิ่งใช้งาน",,-,,,,สนใจ AI,CA0002187,สนใจ AI,ไม่สนใจ iService,09/1/2026,ให้พี่บูมส่งรายละเอียดให้ทางไลน์,,0.ยังไม่ได้ติดต่อ,,
22,90191,บูรพเวชคลินิกเวชกรรม,ระยอง,อริสรา ส่วนบุญ,-,-,,,,-,,,,รอพิจารณา,90191,รอพิจารณา,รอพิจารณา,09/1/2026,คุณหมมอแจ้งว่าให้ส่งรายละเอียดให้ทางไลน์,,0.ยังไม่ได้ติดต่อ,,
23,90193,คลินิกเวชกรรมแพทย์หญิงมณีมัย,นครราชสีมา,จตุพร ผาสุจิต,-,-,,,,-,,,,รอพิจารณา,90193,รอพิจารณา,รอพิจารณา,09/1/2026,คุณหมอแจ้งว่า เดี๋ยวจะติดต่อไปอีกที,,0.ยังไม่ได้ติดต่อ,,
24,CA0000748,คลินิกเวชกรรมบ้านสวน,แพร่,ณิชกุล เจริญสุข,-,-,,,,-,,,,ไม่สนใจทั้งสองระบบ,CA0000748,ไม่สนใจ AI,ไม่สนใจ iService,26/1/2026,"09/1/2026 โทรไม่ติด 16.09 น. / ไม่รับสาย 14.07 น.
26/1/2026 คนไข้ไม่ค่อยจะมี และใช้งานระบบยังไม่ค่อยคล่อง",,0.ยังไม่ได้ติดต่อ,,
25,CA0002066,กิตติศักดิ์คลินิกเวชกรรม,พะเยา,จตุพร ผาสุจิต,-,-,,,,-,,,,รอพิจารณา,CA0002066,รอพิจารณา,รอพิจารณา,09/1/2026,โทรไม่ติด 16.11 น. / อธิบายรายละเอียดคร่าวๆแล้ว เเจ้งให้พี่หนึ่งส่งรายละเอียดทางไลน์อีกที,,0.ยังไม่ได้ติดต่อ,,
26,CA0002331,คลินิกเวชกรรมหมอแวฟารินดา,นราธิวาส,ชลธิชา ช่วยพันธ์,-,-,,,,-,,,,ติดต่อใหม่,CA0002331,ติดต่อใหม่,ติดต่อใหม่,26/1/2026,"09/1/2026 แจ้งว่าอันนี้เป็นเบอร์คลินิกไม่ใช่เบอร์หมอ จะให้คุณหมอโทรกลับช่วงเย็น
26/1/2026 ไม่รับสาย
09/02/2026 ไม่รับสาย",,0.ยังไม่ได้ติดต่อ,,
27,CA0001491,หาหมอคลินิกเวชกรรม(สาขาสถานพยาบาล),เชียงราย,ธนาภรณ์ สายทองดี,-,-,,,,-,,,,ไม่สนใจทั้งสองระบบ,CA0001491,ไม่สนใจ AI,ไม่สนใจ iService,26/1/2026,"09/1/2026 เป็นเบอร์คลินิก เจ้าหน้าที่รับสายแจ้งว่าคุณหมอมาตอนเช้า
26/1/2026 ตอนนี้ยังไม่สนใจ",,0.ยังไม่ได้ติดต่อ,,
28,CA0001378,คลินิกเฉพาะทางด้านเวชกรรมสาขาเวชศาสตร์ฉุกเฉินบ้านหมออรรถ,แพร่,ศิรภัสสร ฐิตะจิราพงษ์,-,-,,,,-,,,,ติดต่อใหม่,CA0001378,ติดต่อใหม่,ติดต่อใหม่,09/2/2026,"09/1/2026 หมอขับรถอยู่ หมอไม่แน่ใจว่าจะเข้าร่วม สปสช. ต่อไหม พรุ่งนี้ติดต่อใหม่อีกที 16.30 น.
26/1/2026 ไม่รับสาย
09/02/2026 โทรอีกทีหลัง 16.30 น. หมอทำงานอยู่",,0.ยังไม่ได้ติดต่อ,,
29,42467,หนองตมคลินิกเวชกรรม,พิษณุโลก,จตุพร ผาสุจิต,-,-,,,,-,,,,รอพิจารณา,42467,รอพิจารณา,รอพิจารณา,26/1/2026,"09/1/2026 ไม่รับสาย 16.32 น. / ไม่รับสาย 14.23 น.
26/1/2026 ",,0.ยังไม่ได้ติดต่อ,,
30,CA0001787,คลินิกนายแพทย์ปวริศร คลินิกเฉพาะทางด้านเวชกรรม สาขาอายุรศาสตร์,บุรีรัมย์,ศิรภัสสร ฐิตะจิราพงษ์,-,-,,,,-,,,,รอพิจารณา,CA0001787,รอพิจารณา,รอพิจารณา,09/1/2026,อธิบายรายละเอียดคร่าวๆ,,0.ยังไม่ได้ติดต่อ,,
31,CA0002145,คลินิกเวชกรรมหมอชยุตพล,พะเยา,ธนวัฒน์ เศวตวงศ์,-,-,,,,-,,,,รอพิจารณา,CA0002145,รอพิจารณา,รอพิจารณา,09/1/2026,โทรไม่ติด 10.49 น. / อธิบายรายละเอียดเบื้องต้นเเล้ว เเจ้งให้จุ้ยส่งรายละเอียดเพิ่มเติมให้ทางไลน์,,0.ยังไม่ได้ติดต่อ,,
32,CA0002201,คลินิกเวชกรรมนายแพทย์ยศบดินทร์,ศรีสะเกษ,ธนวิชญ์ สถิตคุณอนันต์,-,-,,,,-,,,,รอพิจารณา,CA0002201,รอพิจารณา,รอพิจารณา,09/1/2026,ส่งรายละเอียดให้พิจารณาทางไลน์เเล้ว,,0.ยังไม่ได้ติดต่อ,,
33,CA0002158,หมอสิทธิชัยคลินิกเวชกรรม,ราชบุรี,จตุพร ผาสุจิต,-,-,,,,-,,,,รอพิจารณา,CA0002158,รอพิจารณา,รอพิจารณา,26/1/2026,"09/1/2026 คุณหมอแจ้งว่าไม่สะดวกเลย 11.02 น.
26/1/2026 ส่งข้อมูลไปให้ก่อน รอพิจารณา
12/02/26 ไม่รับสาย",,0.ยังไม่ได้ติดต่อ,,
34,40926,คลินิกเวชกรรมไชยาการแพทย์,สุราษฎร์ธานี,อริสรา ส่วนบุญ,-,-,,,,-,,,,รอพิจารณา,40926,รอพิจารณา,รอพิจารณา,09/1/2026,ประชาสัมพันธ์แล้ว แจ้งให้พี่มิ้มส่งรายละเอียดเพิ่มเติมให้ทางไลน์อีกที,,0.ยังไม่ได้ติดต่อ,,
35,29112,คลินิกเวชกรรมนายแพทย์วศิน,อุทัยธานี,ชลธิชา ช่วยพันธ์,3.มี Provider ID สำหรับคลินิกเเล้ว,-,,,,-,,,,รอพิจารณา,29112,รอพิจารณา,รอพิจารณา,09/2/2026,"09/1/2026 ไม่รับสาย 11.40 น. / ไม่รับสาย 14.33 น. 
26/1/2026 ส่งข้อมูลไปให้ก่อน รอพิจารณา
09/02/2026 แจ้งให้พี่ฟิวส่งรายละเอียดพิจารณาทางไลน์",มี Provider แล้ว เหมือกด Activate,0.ยังไม่ได้ติดต่อ,,
36,CA0002173,คลินิกเวชกรรมนายแพทย์กาจพล,เพชรบูรณ์,ธนาภรณ์ สายทองดี,-,-,,,,-,,,,รอพิจารณา,CA0002173,รอพิจารณา,รอพิจารณา,09/1/2026,"09/01/26 ประชาสัมพันธ์ AI แล้ว แจ้งให้แพรวาส่งรายละเอียดเพิ่มเติมให้ทางไลน์อีกที
23/01/26 หมอเเจ้งว่า ติดงานอยู่",,0.ยังไม่ได้ติดต่อ,,
37,54891,ธีร์คลินิกเวชกรรม,พิษณุโลก,ณิชกุล เจริญสุข,-,-,,,,-,,,,รอพิจารณา,54891,รอพิจารณา,รอพิจารณา,09/1/2026,ไม่รับสาย 13.15 น. / อธิบายรายละเอียดเเล้ว เเจ้งให้อายส่งรายละเอียดเพิ่มเติมทางไลน์อีกที 17.17 น. ,,0.ยังไม่ได้ติดต่อ,,
38,41987,รักษ์สุขภาพเพชรบุรี 7 คลินิกเวชกรรม,กรุงเทพมหานคร,ธนวัฒน์ เศวตวงศ์,-,-,,,,-,,,,รอพิจารณา,41987,รอพิจารณา,รอพิจารณา,09/1/2026,ให้พี่จุ๊ยส่งรายละเอียดให้ทางไลน์เเล้ว,,0.ยังไม่ได้ติดต่อ,,
39,90187,คลินิกเวชกรรมแพทย์หญิงนัฐชนก,บุรีรัมย์,ชลธิชา ช่วยพันธ์,-,-,,,,-,,,,ติดต่อใหม่,90187,ติดต่อใหม่,ติดต่อใหม่,17/2/2026,"09/1/2026 คุณหมอแจ้งว่า พอดีจะตรวจคนไข้บ่ายเเล้ว ยังไม่สะดวก
26/1/2026 ไม่รับสาย
09/02/1/2026 ไม่รับสาย
17/02/26 ตัดบทพูดว่า ยังไม่ว่างจ่ะ พอดีจ่ะใส่ท่ออยู่",,0.ยังไม่ได้ติดต่อ,,
40,CA0002170,นิมิตใหม่คลินิกเวชกรรม,ปทุมธานี,ธวัชชัย รุ่งเสถียรภูธร,-,-,,,,-,,,,รอพิจารณา,CA0002170,รอพิจารณา,รอพิจารณา,09/1/2026,อธิบายรายละเอียดเเล้ว แจ้งว่าเดี๋ยวให้พี่บูมส่งรายละเอียดให้ทางไลน์อีกที,,0.ยังไม่ได้ติดต่อ,,
41,CA0002131,คลินิกเฉพาะทางด้านเวชกรรมสาขาเวชศาสตร์ครอบครัวแพทย์หญิงศรินญา,เพชรบูรณ์,ธนวัฒน์ เศวตวงศ์,-,-,,,,3. ลูกค้าทดลองใช้,16/2/2026,,,สนใจ iService,CA0002131,ไม่สนใจ AI,สนใจ iService,09/2/2026,"09/1/2026 คุณหมอน่าจะไม่สะดวก เเจ้งว่า เป็นตอนเย็นได้ไหมคะ 13.45 น.
26/1/2026 ไม่รับสาย
09/02/26 สนใจ iservice",มี iservice,0.ยังไม่ได้ติดต่อ,,
42,52171,วีแคร์ คลินิกเวชกรรม,กรุงเทพมหานคร,ปาณิสรา ตรีรัตนธำรง,-,-,,,,-,,,,ติดต่อใหม่,52171,ติดต่อใหม่,ติดต่อใหม่,17/2/2026,"09/1/2026 โทรไม่ติด 13.48 น. / โทรไม่ติด 15.01 น.
27/1/2026 ไม่รับสาย
09/02/2026 ไม่รับสาย
17/02/26 หมอเเจ้งว่า ยังไม่ได้ใช้ระบบเลย เดี๋ยวให้เจ้าหน้าทีศึกษา เดี๋ยวจะลองใช้ดูนะ เดี๋ยวติดต่อกลับไปอีกที",,0.ยังไม่ได้ติดต่อ,,
43,CA0001319,คลินิกเวชกรรมหมอสัณห์สิรี,พะเยา,จตุพร ผาสุจิต,-,-,,,,-,,,,รอพิจารณา,CA0001319,รอพิจารณา,รอพิจารณา,09/1/2026,ไม่รับสาย 13.59 น. / อธิบายรายละเอียดคร่าวๆ เเล้ว แจ้งให้พี่หนึ่งส่งรายละเอียดให้เพิ่มเติมทางไลน์ ,,0.ยังไม่ได้ติดต่อ,,
44,CA0002321,แพทย์บัญจพารัตน์ คลินิกเวชกรรม,ยะลา,จตุพร ผาสุจิต,-,-,,,,-,,,,รอพิจารณา,CA0002321,รอพิจารณา,รอพิจารณา,09/1/2026,ไม่รับสาย 14.03 น. / อธิบายรายละเอียดเบื้องต้นเเล้ว แจ้งให้พี่หนึ่งส่งรายละเอียดให้เพิ่มเติมทางไลน์ ,,0.ยังไม่ได้ติดต่อ,,
45,49186,คลินิกเวชกรรมแพทย์หญิงจิรนิษฐ์,นครราชสีมา,จตุพร ผาสุจิต,-,-,,,,-,,,,ไม่สนใจทั้งสองระบบ,49186,ไม่สนใจ AI,ไม่สนใจ iService,09/2/2026,"09/1/2026 คุณหมอเเจ้งว่าพี่ติดงานอยู่  14.48 น.
27/1/2026 ตอนนี้ทางคลินิก รับแต่คนไข้เคสเงินสด ซึ่งน้อยมาก ก็คงจะต้องชะลอการใช้งานโปรแกรมอื่นๆไปด้วย",,0.ยังไม่ได้ติดต่อ,,
46,CA0002308,คลินิกเวชกรรมหมอเบญจมาศ,เชียงใหม่,ธนวิชญ์ สถิตคุณอนันต์,-,-,,,,-,,,,รอพิจารณา,CA0002308,รอพิจารณา,รอพิจารณา,09/1/2026,ส่งรายละเอียดให้พิจารณาทางไลน์เเล้ว,,0.ยังไม่ได้ติดต่อ,,
47,49862,สยามเวช คลินิกเวชกรรม,ระยอง,จตุพร ผาสุจิต,-,-,,,,-,,,,รอพิจารณา,-,รอพิจารณา,รอพิจารณา,09/2/2026,"09/1/2026 หมอแจ้งว่า ตอนนี้ยังไม่สะดวกเลยค่ะ 
27/1/2026 ส่งข้อมูลไปให้ทางคลินิกก่อน แล้วรอทางผู้บริหารแจ้งอีกครั้ง",,0.ยังไม่ได้ติดต่อ,,
48,46561,คลินิกเวชกรรมนายแพทย์เลิศวิทย์,ร้อยเอ็ด,จตุพร ผาสุจิต,-,-,,,,-,,,,ติดต่อใหม่,46561,ติดต่อใหม่,ติดต่อใหม่,09/2/2026,"09/1/2026 พูดว่าซักครูนะครับ 5 นาทีครับ และกดวางสายไปเลย
27/1/2026 ไม่ัรับสาย
09/02/26 หมอตรวจคนไข้อยู่ 17.34 น.",,0.ยังไม่ได้ติดต่อ,,
49,48064,คลินิกเวชกรรมนายแพทย์เกรียงไกร,ร้อยเอ็ด,จตุพร ผาสุจิต,-,-,,,,-,,,,ติดต่อใหม่,48064,ติดต่อใหม่,ติดต่อใหม่,26/2/2026,"หมอติดงานตรวจ opd
27/1/2026 ไม่รับสาย
09/02/2026 ไม่รับสาย
17/02/26 ไม่รับสาย
18/02/26 ไม่รับสาย ยินดีต้องรับรับฝากข้อความ
20/02/26 ไม่รับสาย ยินดีต้องรับรับฝากข้อความ
24/02/26 ไม่รับสาย 17.21 น.
26/02/26 หมอตรวจคนไข้อยู่ 17.12 น.",,0.ยังไม่ได้ติดต่อ,,
50,45099,คลินิกเวชกรรมนายแพทย์ธนพล,ร้อยเอ็ด,จตุพร ผาสุจิต,-,-,,,,2. นำส่ง User ให้ลูกค้าเเล้ว,26/2/2026,"นำส่งให้ลูกค้า
22/01/26  ช่วงนี้ติดประชุม เดี๋ยวลองเข้าใช้งานวันอาทิตย์เปิดระบบ 
26/2/2026 ช่วงนี้ยังไม่มีเวลาใช้งาน",ยังไม่มีเวลาทดสอบ,สนใจ iService,45099,ไม่สนใจ AI,สนใจ iService,15/1/2026,สนใจ iservice,มี iservice,0.ยังไม่ได้ติดต่อ,,
51,45019,บ้านทอนคลินิกเวชกรรม,นราธิวาส,จตุพร ผาสุจิต,3.มี Provider ID สำหรับคลินิกเเล้ว,7.เคยทดลองใช้เล้วยกเลิก,10/02/2026,11/09/25 ทดลองใช้งานแล้ว ค่อนข้างหน่วงและช้า ประมาณ 30 วิ ถึงจะประมวลผล ,,-,,,,สนใจ AI,45019,สนใจ AI,ไม่สนใจ iService,,,,0.ยังไม่ได้ติดต่อ,,โทรไม่รับ
52,27180,คลินิกเฉพาะทางด้านเวชกรรมประสาทศัลยศาสตร์นายแพทย์ธนากร,ร้อยเอ็ด,จตุพร ผาสุจิต,-,-,,,,-,,,,ไม่สนใจทั้งสองระบบ,27180,ไม่สนใจ AI,ไม่สนใจ iService,17/2/2026,"หมอเเจ้งว่าตอนนี้พี่จ่ายยาคนไข้อยู่ 17.23 น.
27/1/2026  ไม่รับสาย
09/02/26 ไม่รับสาย
17/02/26 ไม่เข้าร่วม สปสช. เก็บเวชระเบียนเฉยๆ คุณหมอเขียนกระดาษ เจ้าหน้าที่นำมาคีย์ข้อมูลเข้าระบบ",,0.ยังไม่ได้ติดต่อ,,
53,42776,คลินิกเวชกรรมแพทย์อนุธิดา,ขอนแก่น,จตุพร ผาสุจิต,-,-,,,,-,,,,ไม่สนใจทั้งสองระบบ,42776,ไม่สนใจ AI,ไม่สนใจ iService,27/1/2026,"ไม่รับสาย
27/1/2026 ไม่สนใจ",,0.ยังไม่ได้ติดต่อ,,
54,46249,คลินิกเวชกรรมชุมชนอบอุ่น,ร้อยเอ็ด,จตุพร ผาสุจิต,3.มี Provider ID สำหรับคลินิกเเล้ว,4.ลงทะเบียนใช้งานระบบ AI,19/02/2026," 16/02/26 รอกรอกลงทะเบียนขอ License
19/02/2026 มี Provider ID สาขาเก่า แต่สาขาใหม่ยังไม่มี",,2. นำส่ง User ให้ลูกค้าเเล้ว,26/2/2026,"เปิดระบบ นำส่งให้ลูกค้า
26/2/2026 ติดตามการใช้งาน แต่ยังไม่ได้เริ่มการใช้งานระบบ",ยังไม่มีเวลาทดสอบ,สนใจ AI+iService,46249,สนใจ AI,สนใจ iService,27/1/2026,"ไม่่รับสาย
27/1/2026 ถ้าฟรีก็เอา ลองดูก่อน",มี iservice,0.ยังไม่ได้ติดต่อ,,
55,90049,อีสเทิร์นสยาม คลินิกเวชกรรม,ระยอง,จตุพร ผาสุจิต,-,-,,,,-,,,,รอพิจารณา,90049,รอพิจารณา,รอพิจารณา,09/2/2026,"ให้พี่หนึ่งติดต่อ
27/1/2026 รอทางทีมผู้บริหารอีกที",,0.ยังไม่ได้ติดต่อ,,
56,47880,คลินิกเวชกรรมโคกเคียนการแพทย์,นราธิวาส,จตุพร ผาสุจิต,-,-,,,,-,,,,ติดต่อใหม่,47880,ติดต่อใหม่,ติดต่อใหม่,26/2/2026,"ไม่รับสาย
27/1/2026 ติดสาย
09/02/26 ไม่รับสาย
17/02/26 ไม่รับสาย
18/02/26 ไม่รับสาย
20/02/26 ไม่รับสาย
24/02/26 ไม่รับสาย 17.20 น.
26/02/26 ฝากหมายเลข 17.09 น.",,0.ยังไม่ได้ติดต่อ,,
57,90055,คลินิกแพทย์อมรรัตน์,พังงา,จตุพร ผาสุจิต,0.ยังไม่มี Provider ID สำหรับคลินิก,4.ลงทะเบียนใช้งานระบบ AI,27/02/2026,"13/02/2026 ติดตามให้หมออมรรัตน์สมัคร Provider ID ในนามคลินิกก่อน
19/02/2026 คลินิกไม่มีเลข 5 หลัก รอติดตามกับทางทีม Provider ID
27/02/26 รอหมอทำเรื่องขอรหัส 5 หลักกับทาง สสจ.",,3. ลูกค้าทดลองใช้,19/2/2026,"รอลูกค้าแจ้งรายละเอียดเพิ่มเติมก่อนที่จะใช้งานระบบ
19/02/26 ใช้งานล่าสุด",,สนใจ AI+iService,90055,สนใจ AI,สนใจ iService,27/1/2026,"เจ้าหน้าที่รับสาย เเจ้งว่า คุณหมอยังไม่เข้ามาเลยค่า 17.17 น.
27/1/2026 ",มี iservice,0.ยังไม่ได้ติดต่อ,,
58,47207,ศิรารักษ์คลินิกเวชกรรม,ปัตตานี,จตุพร ผาสุจิต,-,-,,,,-,,,,ไม่สนใจทั้งสองระบบ,47207,ไม่สนใจ AI,ไม่สนใจ iService,15/1/2026,ยังไม่สนใจ แจ้งว่าตอนนี้อยู่ต่างจังหวัดด้วยครับ,มี iservice,0.ยังไม่ได้ติดต่อ,,
59,27282,คลินิกเวชกรรมหมอกิตติศักดิ์,ร้อยเอ็ด,จตุพร ผาสุจิต,-,-,,,,-,,,,ไม่สนใจทั้งสองระบบ,27282,ไม่สนใจ AI,ไม่สนใจ iService,15/1/2026,หมอพูดว่า ยังไม่ค้าบ ขอบคุณค้าบ,,0.ยังไม่ได้ติดต่อ,,
60,42740,คลินิกเวชกรรมแพทย์วันเตาเฟ็ก,นราธิวาส,จตุพร ผาสุจิต,-,-,,,,-,,,,ติดต่อใหม่,42740,ติดต่อใหม่,ติดต่อใหม่,27/1/2026,"หมอแจ้งว่า ติดงานอยู่ค่อยโทรมาใหม่นะครับ 17.02 น.
27/1/2026 ติดเคสอยู่ ติดต่อใหม่",,0.ยังไม่ได้ติดต่อ,,
61,44860,คลินิกเฉพาะทางด้านเวชกรรมสาขาเวชศาสตร์ครอบครัวหมอปวริศ2,สงขลา,จตุพร ผาสุจิต,-,-,,,,-,,,,รอพิจารณา,44860,รอพิจารณา,รอพิจารณา,27/1/2026,"หมอเเจ้งว่า เดี๋ยวให้น้องพนักงานโทรกลับเบอร์นี้
27/1/2026 แจ้งทางผู้จัดการให้ก่อน",,0.ยังไม่ได้ติดต่อ,,
62,45405,คลินิกแพทย์หญิงจิรภาพร แพทย์เฉพาะทางเวชศาสตร์ครอบครัว,ชัยภูมิ,จตุพร ผาสุจิต,-,-,,,,3. ลูกค้าทดลองใช้,12/2/2026,เปิดระบบ นำส่งให้ลูกค้า,แดชบอร์ดสีสันสดใส ใช้ง่าย เข้าใจง่ายค่ะ ข้อมูลรายงานบางอย่างอยากได้รายละเอียดเพิ่มเติม ให้มากขึ้น เช่น ต้นทุนค่ายา กำไรที่ได้,สนใจ iService,45405,ไม่สนใจ AI,สนใจ iService,15/1/2026,สนใจ iservice,มี iservice,0.ยังไม่ได้ติดต่อ,,22/01/26 แดชบอร์ดสีสันสดใส ใช้ง่าย เข้าใจง่าย ข้อมูลรายงานบางอย่างอยากได้รายละเอียดเพิ่มเติม ให้มากขึ้น เช่น ต้นทุนค่ายา กำไรที่ได้
63,30529,คลินิกเวชกรรม นายแพทย์ถาวร,ระนอง,ชลธิชา ช่วยพันธ์,-,-,,,,-,,,,ติดต่อใหม่,30529,ติดต่อใหม่,ติดต่อใหม่,20/2/2026,"หมอไม่สะดวก พอดีกำลังจะขึ้นเครื่องไปกรุงเทพ
27/1/2026 ติดต่อใหม่
20/02/26 ไม่รับสาย",,0.ยังไม่ได้ติดต่อ,,
64,44505,แสนรักษ์ คลินิก,ปทุมธานี,จตุพร ผาสุจิต,-,-,,,,3. ลูกค้าทดลองใช้,16/2/2026,เปิดระบบ นำส่งให้ลูกค้า,,สนใจ iService,44505,ไม่สนใจ AI,สนใจ iService,15/1/2026,ทางคุณหมอแจ้งว่าสนใจระบบ iservice,มี iservice,0.ยังไม่ได้ติดต่อ,,"22/01/26 ติดต่อคุุณทิว แจ้งว่าระบบค่อนข้างโอเค แต่อยากให้หน้า Dashborad สามารถรีพอร์ตเป็น Excel ได้ เช่น 1.ผู้เข้ามารับบริการ รายเก่า,รายใหม่ 2. ข้อมูลรายรับรายจ่าย, 3.รายงานเวชภัณฑ์ยาได้"
65,45191,คลินิกหมอสุณิสา,นราธิวาส,จตุพร ผาสุจิต,3.มี Provider ID สำหรับคลินิกเเล้ว,8.ไม่สนใจ,13/02/2026,13/02/2026 ไม่สนใจแล้ว เนื่องจากไม่ค่อยรับเคสของ สปสช. รับรักษาคนไข้ธรรมดา ไม่ได้ต้องใช้งานอะไรหวือหวา,,-,,,,ไม่สนใจทั้งสองระบบ,45191,ไม่สนใจ AI,ไม่สนใจ iService,15/1/2026,คุณหมอ Feedback เรื่อง แก้ไขราคายาโดยรวม เพราะบางทีจะมีการลดราคาให้ผู้ป่วย ,มี iservice,0.ยังไม่ได้ติดต่อ,,22/01/26 ช่วงนี้ยุ่งมาก ไม่ค่อยมีเวลาใช้งาน ถ้าจะใช้แจ้งอีกที
66,24665,คลินิกเวชกรรมปาลัสการแพทย์,ปัตตานี,จตุพร ผาสุจิต,3.มี Provider ID สำหรับคลินิกเเล้ว,8.ไม่สนใจ,12/02/2026,"11/02/26 ได้รับ License AI
12/2/2026 เนื่องจากไม่ค่อยรับคนไข้ ขอยังไม่ใช้นะครับ",,3. ลูกค้าทดลองใช้,12/2/2026,เปิดระบบ นำส่งให้ลูกค้า,,สนใจ iService,24665,ไม่สนใจ AI,สนใจ iService,15/1/2026,คุณหมอแจ้งว่า สนใจทั้ง 2 ระบบ,มี iservice,0.ยังไม่ได้ติดต่อ,,21/01/26 อยากให้รายงานและ Report ดึงรายงาน 6 เดือนย้อนหลัง
67,49282,อุ่นไอรักคลินิกเวชกรรม สาขาคู้บอน,กรุงเทพมหานคร,จตุพร ผาสุจิต,0.ยังไม่มี Provider ID สำหรับคลินิก,8.ไม่สนใจ,19/02/2026,"13/02/2026 ขอปรึกษากับทางหมออีกทีแล้วจะแจ้งอีกครั้ง
19/02/2026 ทางคุณแนนขอยังไม่รับตอนนี้เนื่องจาก แจ้งว่ามีเงื่อนไขค่อนข้างเยอะ เนื่องจากต้องปรับปรุงคลินิกของแต่ละสาขาทำให้ช่วงนี้ไม่ได้ ไม่ได้ใช้งานระบบเลย แล้วหมอประจำก็ค่อนข้างน้อยเลยไม่รู้ว่าต้องใช้ login ของใครที่ใช้สมัคร Provider ID ",,-,12/2/2026,เปิดระบบ นำส่งให้ลูกค้า,,ไม่สนใจทั้งสองระบบ,49282,ไม่สนใจ AI,ไม่สนใจ iService,20/2/2026,"13/01 พี่หนึ่งติดต่อ แจ้งว่าขับรถอยู่
สนใจทั้ง 2 บริการ",มี iservice,0.ยังไม่ได้ติดต่อ,,
68,49448,คลินิกเวชกรรมคลินิกนายแพทย์พชร,กำแพงเพชร,จตุพร ผาสุจิต,-,-,,,,-,,,,ติดต่อใหม่,49448,ติดต่อใหม่,ติดต่อใหม่,17/2/2026,"23/1/2026 หมอแจ้งว่าตอนนี้กำลังจะไปตรวจคนไข้ ให้ติดต่อพรุ่งนี้บ่ายๆ ว่าง
29/1/2026 ไม่รับสาย
17/02/26 หมอตรวจคนไข้ ให้ติดต่อช่วงบ่าย",,0.ยังไม่ได้ติดต่อ,,
69,30553,คลินิกแพทย์หญิงรุ่งฤดี,สตูล,จตุพร ผาสุจิต,-,-,,,,-,,,,รอพิจารณา,30553,รอพิจารณา,รอพิจารณา,15/1/2026,ทางคลินิกติดปัญหากำลังเปลี่ยนชื่อคลินิกอยู่ ไม่ได้ใช้สิทธิบัตรทองเลย แจ้งว่าถ้าสนใจติดต่อเจ้าหน้าที่ได้เลย,,0.ยังไม่ได้ติดต่อ,,
70,48903,คลินิกเวชกรรมนายแพทย์ไพบูรณ์,ขอนแก่น,ณิชกุล เจริญสุข,-,-,,,,-,,,,ไม่สนใจทั้งสองระบบ,48903,ไม่สนใจ AI,ไม่สนใจ iService,14/1/2026,คุณหมอแจ้งว่า ออกจาก สปสช.เเล้ว เลยไม่ได้ใช้ EHP และมีโปรแกรมอื่นใช้เล้ว,,0.ยังไม่ได้ติดต่อ,,
71,46849,คลินิกเวชกรรมหมอปิยพงษ์,มหาสารคาม,จตุพร ผาสุจิต,-,-,,,,-,,,,ไม่สนใจทั้งสองระบบ,46849,ไม่สนใจ AI,ไม่สนใจ iService,29/1/2026,"โทรไม่ติด
29/1/2026 ต้องการใช้ Read only เนื่องจากไม่ได้ไปต่อกับ สปสช. เลยยังไม่สนใจบริการเสริมของ EHP",,0.ยังไม่ได้ติดต่อ,,
72,47316,คลินิกนายแพทย์อมรธีร์,อำนาจเจริญ,จตุพร ผาสุจิต,0.ยังไม่มี Provider ID สำหรับคลินิก,แจ้ง BD ส่งเอกสาร Provider ID,19/02/2026,"13/02/2026 ติดต่อไปแล้ว ยังไม่รับสาย
19/02/2026 ติดต่อไปสอบถามยังไม่รับสาย มีติดตามผ่านไลน์เพิ่มเติม",,2. นำส่ง User ให้ลูกค้าเเล้ว,26/2/2026,"เปิดระบบ นำส่งให้ลูกค้า
26/2/2026 ลูกค้าแจ้งว่ายังไม่สะดวกคุย",,สนใจ AI+iService,47316,สนใจ AI,สนใจ iService,15/1/2026,หมอแจ้งว่า สนใจทั้งคู่,มี iservice,0.ยังไม่ได้ติดต่อ,,ไม่รับสาย
73,49570,คลินิกเวชกรรมนายแพทย์ทรงพล,นครราชสีมา,จตุพร ผาสุจิต,-,-,,,,-,,,,ไม่สนใจทั้งสองระบบ,49570,ไม่สนใจ AI,ไม่สนใจ iService,14/1/2026,แจ้งว่าอาจจะยังไม่สะดวก เนื่องจากสปสช.สิทหมดไว ,,0.ยังไม่ได้ติดต่อ,,
74,49219,คลินิกเวชกรรมแพทย์หญิงปนัดดา,เพชรบูรณ์,ธนวัฒน์ เศวตวงศ์,-,-,,,,-,,,,ไม่สนใจทั้งสองระบบ,49219,ไม่สนใจ AI,ไม่สนใจ iService,12/2/2026,"ไม่รับสาย
29/1/2026 ไม่รับสาย
09/02/26 ไม่รับสาย
12/02/26 คุณหมอแจ้งว่ายังดีกว่าค่ะ",,0.ยังไม่ได้ติดต่อ,,
75,51088,คลินิกเวชกรรมนายแพทย์ศุภสิทธิ์,เพชรบูรณ์,ธนาภรณ์ สายทองดี,-,-,,,,-,,,,รอพิจารณา,51088,รอพิจารณา,รอพิจารณา,15/1/2026,อธิบายรายละเอียดเเล้ว ช่วงนี้คุณหมอติดปัญหาเรื่องขอเลข TOKEN อยู่ ซักอาทิตย์หน้าอาจจะพิจารณา,,0.ยังไม่ได้ติดต่อ,,
76,49847,คลินิกนายแพทย์กฤษฎา,มุกดาหาร,ธนาภรณ์ สายทองดี,-,-,,,,3. ลูกค้าทดลองใช้,26/1/2026,26/02/26 เข้าใช้งานระบบ,,สนใจ iService,49847,ไม่สนใจ AI,สนใจ iService,15/1/2026,สนใจ iservice,มี iservice,0.ยังไม่ได้ติดต่อ,,
77,43061,อีสเทิร์น สยาม คลินิกเวชกรรม สาขา WHA 36 นิคม ซ.6,ระยอง,จตุพร ผาสุจิต,-,-,,,,-,,,,ติดต่อใหม่,43061,ติดต่อใหม่,ติดต่อใหม่,27/1/2026,"ไม่รับสาย 14.32 น.
27/1/2026 ติดตามกับทางผู้บริหาร",,0.ยังไม่ได้ติดต่อ,,
78,47319,นายแพทย์ปัณณธรคลินิกเวชกรรม,อำนาจเจริญ,จตุพร ผาสุจิต,1. ไฟล์ excel เพิ่มชื่อ,4.ลงทะเบียนใช้งานระบบ AI,19/02/2026,"18/02/26 คลินิกเเจ้งสนใจระบบ
19/02/2026 นำส่งเอกสารสำหรับการขอทดสอบการใช้งานระบบ",,2. นำส่ง User ให้ลูกค้าเเล้ว,27/2/2026,"18/02/26 สนใจ iservice
19/02/26 BD แจ้งว่าส่ง User แล้ว
27/2/2026 นำส่งวิธีการใช้งานเข้าไปให้ใหม่",,สนใจ AI+iService,47319,สนใจ AI,สนใจ iService,18/2/2026,"เจ้้าหน้าที่เเจ้งว่า คุณหมอปัณณธรติดอีกสาย อีกครึ่ง ชม.โทรมาใหม่
29/1/2026 ไม่รับสาย
18/02/26 หมอสนใจทั้ง 2 ระบบ แต่ AI อาจจะมีปัญหาด้านภาษาถิ่มแต่ขอลองดูก่อน",มี iservice,0.ยังไม่ได้ติดต่อ,,
79,48253,หมอนิงสหคลินิก,ปัตตานี,จตุพร ผาสุจิต,-,-,,,,-,,,,ติดต่อใหม่,48253,ติดต่อใหม่,ติดต่อใหม่,29/1/2026,"หมอเเจ้งว่า ตอนนี้ติดตรวจคนไข้อยู่ที่โรงพยาบาลค่า
29/1/2026 ติดต่อใหม่อีกทีช่วงบ่าย",,0.ยังไม่ได้ติดต่อ,,
80,49814,คลินิกเวชกรรมหมอฤทัยรัตน์,ลำพูน,ชลธิชา ช่วยพันธ์,-,-,,,,-,,,,ไม่สนใจทั้งสองระบบ,49814,ไม่สนใจ AI,ไม่สนใจ iService,16/1/2026,ตั้งแต่วันที่ 12 มาไม่ได้ใช้ระบบเลย เนื่องจากไม่ได้เบิกเคลมแล้ว,,0.ยังไม่ได้ติดต่อ,,
81,43851,คลินิกเวชกรรมหมอชัชวาล,เชียงราย,ณิชกุล เจริญสุข,-,-,,,,3. ลูกค้าทดลองใช้,10/2/2026,"เปิดระบบให้กับลูกค้าเรียบร้อยแล้ว รอทางคลินิกเข้ามาทดลองใช้งาน
10/02/26 ใช้งานล่าสุด",ดูต้นทุน + กำไร รายคน ราย HN ไม่ได้,สนใจ iService,43851,ไม่สนใจ AI,สนใจ iService,16/1/2026,สนใจ iservice,มี iservice,0.ยังไม่ได้ติดต่อ,,
82,35678,นายแพทย์โสมนัสคลินิกเวชกรรม,บุรีรัมย์,จตุพร ผาสุจิต,-,-,,,,-,,,,ไม่สนใจทั้งสองระบบ,35678,ไม่สนใจ AI,ไม่สนใจ iService,14/1/2026,ยังไม่พร้อมใช้งาน,,0.ยังไม่ได้ติดต่อ,,
83,51549,คลินิกเวชกรรมหมอญาณกิตติ์,ลำพูน,ชลธิชา ช่วยพันธ์,-,-,,,,-,,,,ติดต่อใหม่,51549,ติดต่อใหม่,ติดต่อใหม่,29/1/2026,"หมอแจ้งว่าตอนนี้ยังไม่สะดวก
29/1/2026 ตอนนี้ติดคนไข้อยู่ยังไม่สะดวก",,0.ยังไม่ได้ติดต่อ,,
84,49569,คลินิกเวชกรรมแพทย์กิตตินัทธ์,สิงห์บุรี,ธนวัฒน์ เศวตวงศ์,0.ยังไม่มี Provider ID สำหรับคลินิก,แจ้ง BD ส่งเอกสาร Provider ID,19/01/2026,,,-,,,,สนใจ AI,49569,สนใจ AI,ไม่สนใจ iService,16/1/2026,สนใจ AI,มี iservice,0.ยังไม่ได้ติดต่อ,,
85,43617,โอบอ้อมคลินิกเวชกรรม,กรุงเทพมหานคร,จตุพร ผาสุจิต,-,-,,,,3. ลูกค้าทดลองใช้,25/12/2025,ใช้งานล่าสุเด 25/12/26,,สนใจ iService,43617,ไม่สนใจ AI,สนใจ iService,13/1/2026,13/01 ติดต่อเเล้ว บอกว่าไม่ใช่ค่ะ เเละกดวางสายใส่ รอพี่หนึ่งติดต่อ / พี่หนึ่งติดต่อแล้ว เเจ้งว่าขอสอบถามหมอให้ก่อนเรื่อง AI,มี iservice,0.ยังไม่ได้ติดต่อ,,
86,48131,คลินิกเวชกรรมหมอซากีเราะ,นราธิวาส,จตุพร ผาสุจิต,2.4 ทางคลินิกกด Activate,อยู่ระหว่างสมัคร Provider ID,19/02/2026,"11/02/26 ได้รับ License AI ทางเมล
13/02/26 เเจ้งทีมเทคนิคเซ็ต License 
16/02/26 ทีมเทคนิคเซ็ตระบบเเล้ว รอนัดหมายเทรนนิ่งใช้งาน
19/02/2026 อัปเดตสมัคร Provider ID ในหน่วยคลินิกก่อน / นำเข้าข้อมูลเเล้ว รดหมอกด activate",,2. นำส่ง User ให้ลูกค้าเเล้ว,12/2/2026,เปิดระบบ นำส่งให้ลูกค้า,,สนใจ AI+iService,48131,สนใจ AI,สนใจ iService,16/1/2026,สนใจทั้ง 2 ระบบ,มี iservice,0.ยังไม่ได้ติดต่อ,,21/01/26 ยังไม่เริ่มใช้งาน
87,49900,คลินิกเวชกรรมนายแพทย์ธีรศักดิ์,นครราชสีมา,จตุพร ผาสุจิต,-,-,,,,-,,,,ไม่สนใจทั้งสองระบบ,49900,ไม่สนใจ AI,ไม่สนใจ iService,14/1/2026,อธิบายรายละเอียดเลเ้วทางคุณหมอยังไม่สนใจ คุณหมอแจ้งว่าจะออกจาก สปสช.เเล้ว,,0.ยังไม่ได้ติดต่อ,,
88,48508,แพทย์ซุฮายลาห์ คลินิกเวชกรรม,ยะลา,จตุพร ผาสุจิต,-,-,,,,5.ยกเลิกใช้งาน,27/2/2026,"เปิดระบบ นำส่งให้ลูกค้า
27/2/2026 ช่วงนี้ติดเดือนบวชของบุสลิม ทำให้คนไข้น้อย ฟังก์ชันอื่นๆจึงคิดว่าไม่สนใจใช้งานระบบ",ช่วงนี้ติดเดือนบวชของบุสลิม ทำให้คนไข้น้อย ฟังก์ชันอื่นๆจึงคิดว่าไม่สนใจใช้งานระบบ,สนใจ iService,48508,ไม่สนใจ AI,สนใจ iService,16/1/2026,สนใจ Iservice ทางคลินิก ไม่ได้เชื่อม สปสช.แล้ว ไปดูหน้าจอของเพื่อน มีเทมเพลตส่งตรวจเกี่ยวกับชำระเงิน แต่ของทางคลินิกไม่มี เจเ้งให้พี่หนึ่งส่งคู่มือให้อีกที,มี iservice,0.ยังไม่ได้ติดต่อ,,ไม่รับสาย
89,49587,คลินิกเวชกรรมนายแพทย์สานิตย์,อุตรดิตถ์,จตุพร ผาสุจิต,-,-,,,,-,,,,ติดต่อใหม่,49587,ติดต่อใหม่,ติดต่อใหม่,29/1/2026,"คุณหมอแจ้งว่า ตอนนี้ยังไม่สะดวกเลยครับ ติดต่อมาใหม่พรุง่นี้
29/1/2026 ติดต่ออีกทีช่วงบ่าย",,0.ยังไม่ได้ติดต่อ,,
90,37005,คลินิกเวชกรรมแพทย์เผ่าพงศ์,ลำพูน,ชลธิชา ช่วยพันธ์,-,-,,,,-,,,,ไม่สนใจทั้งสองระบบ,37005,ไม่สนใจ AI,ไม่สนใจ iService,16/1/2026,คุณหมอแจ้งว่าไม่สนใจ เนื่องจาก สปสช.เปลี่ยนระบบใหม่เลยไม่ค่อยได้ใช้,,0.ยังไม่ได้ติดต่อ,,
91,45049,คลินิกเวชกรรมนายแพทย์ภุชงค์,นราธิวาส,ชลธิชา ช่วยพันธ์,3.มี Provider ID สำหรับคลินิกเเล้ว,7.เคยทดลองใช้เล้วยกเลิก,03/09/2025,รอหมอกด Activate / ทางคลินิกไม่พร้อมใช้งาน ไม่มีเวลาทดสอบ ลูกค้าเยอะ,,-,,,,สนใจ AI,45049,สนใจ AI,ไม่สนใจ iService,,,,0.ยังไม่ได้ติดต่อ,,
92,47673,คลินิกเวชกรรมหมอกษมพล,นครศรีธรรมราช,จตุพร ผาสุจิต,-,-,,,,-,,,,ไม่สนใจทั้งสองระบบ,47673,ไม่สนใจ AI,ไม่สนใจ iService,29/1/2026,"รอพี่หนึ่งติดตาม เนื่องจากเปลี่ยนประเภทคลินิก
29/1/2026 ปัจจุบันยังขึ้นทะเบียนกับทาง สสจ. ยังไม่เสร็จจึงรอไว้ก่อน",,0.ยังไม่ได้ติดต่อ,,
93,49689,คลินิกเวชกรรมหมอกฤษดา,อุตรดิตถ์,จตุพร ผาสุจิต,-,-,,,,-,,,,ไม่สนใจทั้งสองระบบ,49689,ไม่สนใจ AI,ไม่สนใจ iService,16/1/2026,ยังไม่สนใจ,,0.ยังไม่ได้ติดต่อ,,
94,51801,สถานพยาบาลหลักเมืองคลินิกเวชกรรม,ร้อยเอ็ด,ชลธิชา ช่วยพันธ์,-,-,,,,-,,,,ติดต่อใหม่,51801,ติดต่อใหม่,ติดต่อใหม่,29/1/2026,"ไม่รับสาย
29/1/2026 ตอนนี้ยังไม่สะดวก",,0.ยังไม่ได้ติดต่อ,,
95,52402,รักษ์สุขภาพประชาอุทิศคลินิกเวชกรรม,กรุงเทพมหานคร,ธนวัฒน์ เศวตวงศ์,-,-,,,,-,,,,รอพิจารณา,52402,รอพิจารณา,รอพิจารณา,13/1/2026,13/01 ติดต่อคุณเเจง 0854686241 อธิบายรายละเอียดระบบ Iservice แล้ว,,0.ยังไม่ได้ติดต่อ,,
96,52490,รักษ์สุขภาพกำนันแม้นคลินิกเวชกรรม,กรุงเทพมหานคร,ธนวัฒน์ เศวตวงศ์,-,-,,,,-,,,,รอพิจารณา,52490,รอพิจารณา,รอพิจารณา,13/1/2026,เครือรักสุขภาพ,,0.ยังไม่ได้ติดต่อ,,
97,52401,รักษ์สุขภาพซอยอารีย์คลินิกเวชกรรม,กรุงเทพมหานคร,ธนวัฒน์ เศวตวงศ์,-,-,,,,-,,,,รอพิจารณา,52401,รอพิจารณา,รอพิจารณา,13/1/2026,เครือรักสุขภาพ,,0.ยังไม่ได้ติดต่อ,,
98,90097,คลินิกแพทย์วรรณวิภาคลินิกเฉพาะทางด้านเวชกรรมรังสีรักษาและมะเร็งวิทยา,ราชบุรี,ธนวัฒน์ เศวตวงศ์,-,-,,,,2. นำส่ง User ให้ลูกค้าเเล้ว,27/2/2026,"19/02/26 พี่จุ๊ยเเจงว่า เปิดระบบและนำส่ง User ให้ทางคลินิกอาทิตย์ที่เเล้ว แต่ ยังไม่อ่านข้อความ
27/02/26 แพ็กเกจทดลอง iservice หมดอายุ",,สนใจ iService,90097,ไม่สนใจ AI,สนใจ iService,18/2/2026,"หมอเเจ้งว่า ยังไม่สะดวกเลยค่ะ ประมาณใกล้ 17.00 น. ได้มั้ยคะ
29/1/2026 ไม่รับสาย
18/02/26 สนใจ iservice",มี iservice,0.ยังไม่ได้ติดต่อ,,
99,51590,คลินิกเวชกรรมนายแพทย์ภูวณ,อุบลราชธานี,ชลธิชา ช่วยพันธ์,-,-,,,,3. ลูกค้าทดลองใช้,16/2/2026,เปิดระบบให้กับลูกค้าเรียบร้อยแล้ว รอทางคลินิกเข้ามาทดลองใช้งาน,16/2/2026 iservice คุณหมอแจ้งว่าทดลองเข้าไปศึกษามาแล้ว 1 ครั้ง แต่ยังไม่ได้ทดลองจริงๆ หากมีเวลาจะเข้าไปลองดูอีกครั้ง,สนใจ iService,51590,ไม่สนใจ AI,สนใจ iService,29/1/2026,"ไม่รับสาย
29/1/2026 ยังไม่สนใจใช้งาน PresScribe AI เพราะคลินิกอยู่ตามท้องถิ่นจะไม่ได้พูดภาษาไทย แต่สนใจตัว Dashboard อยู่
16/2/2026 iservice คุณหมอแจ้งว่าทดลองเข้าไปศึกษามาแล้ว 1 ครั้ง แต่ยังไม่ได้ทดลองจริงๆ หากมีเวลาจะเข้าไปลองดูอีกครั้ง",มี iservice,0.ยังไม่ได้ติดต่อ,,
100,51572,คลินิกนายแพทย์สุดสาคร,อุบลราชธานี,ชลธิชา ช่วยพันธ์,-,-,,,,-,,,,ติดต่อใหม่,51572,ติดต่อใหม่,ติดต่อใหม่,29/1/2026,"ไม่รับสาย
29/1/2026 หมอแจ้งว่าให้ติดต่ออีกทีเสาร์บ่าย",,0.ยังไม่ได้ติดต่อ,,
101,51502,คลินิกเวชกรรมนายแพทย์กรกช,อุบลราชธานี,ชลธิชา ช่วยพันธ์,-,-,,,,3. ลูกค้าทดลองใช้,16/2/2026,เปิดระบบให้กับลูกค้าเรียบร้อยแล้ว รอทางคลินิกเข้ามาทดลองใช้งาน, iservice คุณหมอแจ้งว่ายังไม่มีเวลาเข้าไปทดลองใช้งาน เดี๋ยวจะเข้าไปทดลองใช้งานและแจ้งฟีดแบกให้อีกครั้ง,สนใจ iService,51502,ไม่สนใจ AI,สนใจ iService,16/1/2026,"สนใจ iservice
16/2/2026  iservice คุณหมอแจ้งว่ายังไม่มีเวลาเข้าไปทดลองใช้งาน เดี๋ยวจะเข้าไปทดลองใช้งานและแจ้งฟีดแบกให้อีกครั้ง",มี iservice,0.ยังไม่ได้ติดต่อ,,
102,51973,คลินิกเฉพาะทางด้านเวชกรรมเวชศาสตร์ครอบครัวจุฑามาศ,นครราชสีมา,จตุพร ผาสุจิต,-,-,,,,-,,,,ติดต่อใหม่,51973,ติดต่อใหม่,ติดต่อใหม่,29/1/2026,"แจ้งว่าพี่ติดงานอยู่ค่าเป็นพน.ตอนเที่ยงก็ได้นะคะ
29/1/2026 ติดต่ออีกทีช่วงบ่าย",,0.ยังไม่ได้ติดต่อ,,
103,51722,ปทุมมาคลินิกเวชกรรม,นครราชสีมา,จตุพร ผาสุจิต,-,-,,,,-,,,,ติดต่อใหม่,51722,ติดต่อใหม่,ติดต่อใหม่,18/2/2026,"คุณหมอเเจ้งว่า พอดีประชุมอยู่ค่า
29/1/2026 ฝากข้อความ
18/02/26 ไม่รับสาย
19/02/26 ไม่รับสาย",,0.ยังไม่ได้ติดต่อ,,
104,49247,หมอแทน คลินิกเวชกรรม,ยโสธร,ธนวัฒน์ เศวตวงศ์,-,-,,,,-,,,,ติดต่อใหม่,49247,ติดต่อใหม่,ติดต่อใหม่,29/1/2026,"หมอเเจ้งว่าให้ส่งข้อมูลให้ทางไลน์เพื่อพิจารณา
29/1/2026 ติดต่ออีกทีช่วงบ่าย",,0.ยังไม่ได้ติดต่อ,,
105,51642,คลินิกเฉพาะทางเวชกรรมเวชศาสตร์ครอบครัว,นราธิวาส,ธนาภรณ์ สายทองดี,-,-,,,,-,,,,ไม่สนใจทั้งสองระบบ,51642,ไม่สนใจ AI,ไม่สนใจ iService,29/1/2026,"ทางคลินิกเเจ้งว่าตอนนี้ไม่สะดวกนะคะ เดี๋ยวค่อยติดต่อใหม่นะคะ
29/1/2026 ยังไม่สนใจ",,0.ยังไม่ได้ติดต่อ,,
106,48906,คลินิกเวชกรรมแพทย์หญิงปาลินี,ร้อยเอ็ด,ณิชกุล เจริญสุข,-,-,,,,-,,,,ติดต่อใหม่,48906,ติดต่อใหม่,ติดต่อใหม่,12/2/2026,"เหมือนเบอร์ผิด
29/1/2026 080 623 6566 ใช้เบอร์นี้ แต่ติดต่อไปก็ไม่รับ
12/02/26 เจ้าหน้าทีรับสาย หมอไปประชุมหลับมาวันเสาร์ ติดต่อใหม่",,0.ยังไม่ได้ติดต่อ,,
107,52010,คลินิกเวชกรรมแพทย์เอกวิชญ์,พิษณุโลก,ชลธิชา ช่วยพันธ์,-,-,,,,-,,,,ไม่สนใจทั้งสองระบบ,52010,ไม่สนใจ AI,ไม่สนใจ iService,29/1/2026,"ไม่รับสาย
29/1/2026  ยังก่อนแล้วกันครับ ช่วงนี้คนไข้ไม่ค่อยมีด้วยครับ",,0.ยังไม่ได้ติดต่อ,,
108,52143,คลินิกเวชกรรมแพทย์กฤตธีธัช,บุรีรัมย์,ชลธิชา ช่วยพันธ์,-,-,,,,-,,,,รอพิจารณา,52143,รอพิจารณา,รอพิจารณา,15/1/2026,อธิบายรายละเอีดทั้ง 2 ระบบเรียบร้ิย รอพิจารณา,,0.ยังไม่ได้ติดต่อ,,
109,43849,คลินิกเวชกรรมหมอนิตยา,เชียงราย,ณิชกุล เจริญสุข,-,-,,,,-,,,,ไม่สนใจทั้งสองระบบ,43849,ไม่สนใจ AI,ไม่สนใจ iService,20/1/2026,คุหมอแจ้งว่า ตอนนี้ยังค่า,,0.ยังไม่ได้ติดต่อ,,
110,51596,คลินิกเวชกรรมแพทย์ฮัสปาน,ปัตตานี,ธนาภรณ์ สายทองดี,-,-,,,,-,,,,ไม่สนใจทั้งสองระบบ,51596,ไม่สนใจ AI,ไม่สนใจ iService,20/1/2026,หมอแจ้งว่า น่าจะเเอดวานส์ไป สำหรับคลินิก,,0.ยังไม่ได้ติดต่อ,,
111,27280,เสน่ห์คลินิกเวชกรรม,ร้อยเอ็ด,ธนวัฒน์ เศวตวงศ์,-,-,,,,-,,,,ไม่สนใจทั้งสองระบบ,27280,ไม่สนใจ AI,ไม่สนใจ iService,20/1/2026,หมอเเจ้งว่า ไม่เข้าร่วม สปสช. เเล้ว,,0.ยังไม่ได้ติดต่อ,,
112,52371,คลินิกเวชกรรมหมอจริยา,บุรีรัมย์,ชลธิชา ช่วยพันธ์,-,-,,,,-,,,,ติดต่อใหม่,52371,ติดต่อใหม่,ติดต่อใหม่,29/1/2026,"หมอแจ้งว่า ติดงานอยู่ค่า 10.27 น.
29/1/2026 ตอนนี้ติดเคสอยู่ ติดต่ออีกทีช่วงบ่าย",,0.ยังไม่ได้ติดต่อ,,
113,52223,นิยตาคลินิกเวชกรรม,กรุงเทพมหานคร,ชลธิชา ช่วยพันธ์,-,-,,,,3. ลูกค้าทดลองใช้,16/2/2026,,,สนใจ iService,52223,ไม่สนใจ AI,สนใจ iService,13/1/2026,13/01 อธิบายรายละเอียด AI เเล้ว คุณหมอเเจ้งว่า ไม่ค่อยสะดวก ที่คลินิกมีคนพูดเเทรกตลอด,มี iservice,0.ยังไม่ได้ติดต่อ,,
114,51650,ทิพย์เจริญคลินิกเวชกรรม,ลำพูน,ชลธิชา ช่วยพันธ์,-,-,,,,-,,,,ติดต่อใหม่,51650,ติดต่อใหม่,ติดต่อใหม่,29/1/2026,"หมอเเจ้งว่า พอดีติดงานอยู่ค่า เดี๋ยวยังไงจะติดต่อกลับนะคะ
29/1/2026 ยังไม่สะดวกรอก่อน",,0.ยังไม่ได้ติดต่อ,,
115,51658,คลินิกเวชกรรมหมอชาญวิทย์,เชียงราย,ณิชกุล เจริญสุข,1.1 ส่งให้ลูกค้ากรอก,อยู่ระหว่างสมัคร Provider ID,10/02/2026,รอหมอกรอกข้อมูล Provider ID,,2. นำส่ง User ให้ลูกค้าเเล้ว,17/2/2026,"เปิดระบบให้กับลูกค้าเรียบร้อยแล้ว รอทางคลินิกเข้ามาทดลองใช้งาน
17/02/26 BD ติดตาม ลูกค้าเเจ้งว่าจะทดลองใช้",,สนใจ AI+iService,51658,สนใจ AI,สนใจ iService,29/1/2026,"หมอขับรถอยู่
29/1/2026 สนใจอยู่ครับ แจ้งข้อมูลเพิ่มเติมได้เลยครับผม",มี iservice,0.ยังไม่ได้ติดต่อ,,
116,52633,คลินิกเวชกรรมหมอฝน,ร้อยเอ็ด,ชลธิชา ช่วยพันธ์,-,-,,,,-,,,,ไม่สนใจทั้งสองระบบ,52633,ไม่สนใจ AI,ไม่สนใจ iService,,ยังไม่ควรติดต่อ,มี iservice,0.ยังไม่ได้ติดต่อ,,
117,51950,คลินิกแพทย์จอมขวัญ,พิษณุโลก,ณิชกุล เจริญสุข,-,-,,,,-,,,,ติดต่อใหม่,51950,ติดต่อใหม่,ติดต่อใหม่,29/1/2026,"หมอแจ้งว่า พอดียังทำงานอยู่อะค่ะ
29/1/2026 ตอนนี้ติดเคสอยู่ยังไม่สะดวกคุย",,0.ยังไม่ได้ติดต่อ,,
118,52121,คลินิกเวชกรรมหมอรุสลี,ปัตตานี,ชลธิชา ช่วยพันธ์,-,-,,,,-,,,,ไม่สนใจทั้งสองระบบ,52121,ไม่สนใจ AI,ไม่สนใจ iService,29/1/2026,"ไม่รับสาย
29/1/2026 ยังไม่สนใจ",,0.ยังไม่ได้ติดต่อ,,
119,52756,คลินิกเฉพาะทางด้านเวชกรรมกระดูกและข้อแพทย์อโนช,ลำพูน,ชลธิชา ช่วยพันธ์,-,-,,,,2. นำส่ง User ให้ลูกค้าเเล้ว,20/1/2026,เปิดระบบให้กับลูกค้าเรียบร้อยแล้ว รอทางคลินิกเข้ามาทดลองใช้งาน,,สนใจ iService,52756,ไม่สนใจ AI,สนใจ iService,20/1/2026,หมอสนใจ iService,,0.ยังไม่ได้ติดต่อ,,
120,53736,คลินิกเวชกรรมหมอรัตเกล้า,พิษณุโลก,ชลธิชา ช่วยพันธ์,1.1 ส่งให้ลูกค้ากรอก,อยู่ระหว่างสมัคร Provider ID,04/02/2026,รอหมอกรอกข้อมูล Provider ID,,2. นำส่ง User ให้ลูกค้าเเล้ว,16/2/2026,"11/02/26 เปิดระบบให้กับลูกค้าเรียบร้อยแล้ว รอทางคลินิกเข้ามาทดลองใช้งาน
16/2/2026 คุณหมอแจ้งว่ายังไม่ได้เข้ามาทดลองใช้งาน เดี๋ยว feedback มาอีกที",,สนใจ AI+iService,53736,สนใจ AI,สนใจ iService,30/1/2026,"ไม่รับสาย
30/1/2026 คุณหมอสนใจทดสอบใช้งานทั้ง 2 Service ถ้าใช้แล้วไม่ตอบโจทย์จะยกเลิกในภายหลัง
16/2/2026 คุณหมอแจ้งว่ายังไม่ได้เข้ามาทดลองใช้งาน เดี๋ยว feedback มาอีกที",มี iservice,0.ยังไม่ได้ติดต่อ,,
121,42200,อุ่นไอรักคลินิกเวชกรรม,กรุงเทพมหานคร,จตุพร ผาสุจิต,0.ยังไม่มี Provider ID สำหรับคลินิก,8.ไม่สนใจ,19/02/2026,"13/02/2026 ขอปรึกษากับทางหมออีกทีแล้วจะแจ้งอีกครั้ง
19/02/2026 ทางคุณแนนขอยังไม่รับตอนนี้เนื่องจาก แจ้งว่ามีเงื่อนไขค่อนข้างเยอะ เนื่องจากต้องปรับปรุงคลินิกของแต่ละสาขาทำให้ช่วงนี้ไม่ได้ ไม่ได้ใช้งานระบบเลย แล้วหมอประจำก็ค่อนข้างน้อยเลยไม่รู้ว่าต้องใช้ login ของใครที่ใช้สมัคร Provider ID ",,-,12/2/2026,เปิดระบบ นำส่งให้ลูกค้า,,ไม่สนใจทั้งสองระบบ,42200,ไม่สนใจ AI,ไม่สนใจ iService,20/2/2026,"13/01 พี่หนึ่งจะติดต่อเอง
30/1/2026 รอพิจารณาเนื่องจาก ต้องปรึกษาเจ้าหน้าที่และหมอในคลินิก",มี iservice,0.ยังไม่ได้ติดต่อ,,
122,51404,บี แอนด์ จี คลินิกเวชกรรม,สุรินทร์,จตุพร ผาสุจิต,-,-,,,,-,,,,ติดต่อใหม่,51404,ติดต่อใหม่,ติดต่อใหม่,30/1/2026,"ไม่รับสาย
30/1/2026 ติดตรวจคนไข้",,0.ยังไม่ได้ติดต่อ,,
123,49330,หมอกุลภัทร์คลินิกเฉพาะทางด้านเวชกรรมกระดูกและข้อ,ปัตตานี,ชลธิชา ช่วยพันธ์,-,-,,,,-,,,,ยกเลิกสัญญา,49330,ยกเลิกสัญญา,ยกเลิกสัญญา,30/1/2026,"ไม่รับสาย
30/1/2026 ในสถานะในระบบขึ้นเป็น 9.2 ซื้อแล้วยกเลิก",,0.ยังไม่ได้ติดต่อ,,
124,42221,รักษ์ลาซาลคลินิกเวชกรรม,กรุงเทพมหานคร,จตุพร ผาสุจิต,-,-,,,,-,,,,รอพิจารณา,42221,รอพิจารณา,รอพิจารณา,13/1/2026,13/01 แจ้งว่า รับทราบไว้แจ้งว่า จะติดต่อคุณหนึ่งไป,,0.ยังไม่ได้ติดต่อ,,
125,52673,คลินิกเวชกรรมแพทย์วิมพ์ภัทรา,เชียงราย,ชลธิชา ช่วยพันธ์,-,-,,,,-,,,,ไม่สนใจทั้งสองระบบ,52673,ไม่สนใจ AI,ไม่สนใจ iService,30/1/2026,"ไม่รับสาย
30/1/2026 กำลังจะปิดคลินิก เลยไม่สนใจที่จะใช้งานบริการใหม่",,0.ยังไม่ได้ติดต่อ,,
126,52373,บ้านคุณหมอ คลินิกเวชกรรม,เชียงราย,ชลธิชา ช่วยพันธ์,-,-,,,,-,,,,ไม่สนใจทั้งสองระบบ,52373,ไม่สนใจ AI,ไม่สนใจ iService,20/1/2026,ออกจาก สปสช. ไม่ค่อยได้ใช้ EHP,,0.ยังไม่ได้ติดต่อ,,
127,51356,คลินิกเวชกรรมแพทย์ยุทธศาสตร์ (หมอยู),สุโขทัย,อริสรา ส่วนบุญ,-,-,,,,-,,,,ไม่สนใจทั้งสองระบบ,51356,ไม่สนใจ AI,ไม่สนใจ iService,20/1/2026,เเจ้งว่ายังไม่สนใจ คิดว่าน่าจะยังไม่ได้ใช้,,0.ยังไม่ได้ติดต่อ,,
128,53150,คลินิกเวชกรรม เรือนไทย สำเหร่,กรุงเทพมหานคร,จตุพร ผาสุจิต,-,-,,,,-,,,,รอพิจารณา,53150,รอพิจารณา,รอพิจารณา,13/1/2026,13/01 อธิบายรายละเอียด AI+iservice เเล้ว ทางคลินิกเเจ้งว่า หากสนใจจะติดต่อคุณหนึ่งไป,,0.ยังไม่ได้ติดต่อ,,
129,53281,ใกล้บ้านคลินิกเวชกรรม,ชัยภูมิ,จตุพร ผาสุจิต,-,-,,,,-,,,,รอพิจารณา,53281,รอพิจารณา,รอพิจารณา,30/1/2026,"ไม่รับสาย
30/1/2026 ขอคิดดูก่อน เพราะไม่รู้ว่าจะต่อกับ สปสช. อีกอยู่ไหม อาจจะไม่ได้ทำคลินิกต่อ",,0.ยังไม่ได้ติดต่อ,,
130,53130,บ้านหมอ คลินิกเวชกรรม,สุรินทร์,จตุพร ผาสุจิต,-,-,,,,2. นำส่ง User ให้ลูกค้าเเล้ว,12/2/2026,"12/02/26 เปิดระบบ นำส่งให้ลูกค้า
27/02/26 แพ็กเกจทดลอง Iservice หมดอายุ",,สนใจ iService,53130,ไม่สนใจ AI,สนใจ iService,20/1/2026,ให้ติดต่อคุณฝน 0968792322 / ติดต่อคุณฝนเเล้วไม่รับสาย /โทรกลับมา สนใจ iService,มี iservice,0.ยังไม่ได้ติดต่อ,,22/01/26 ยังไม่เริ่มใช้งาน
131,49700,ศุภรดาคลินิกเฉพาะทางด้านเวชกรรมกุมารเวชศาสตร์,สิงห์บุรี,จตุพร ผาสุจิต,-,-,,,,-,,,,รอพิจารณา,49700,รอพิจารณา,รอพิจารณา,30/1/2026,"ไม่รับสาย
30/1/2026 ขอศุกษาข้อมูลเพิ่มเติมก่อน",,0.ยังไม่ได้ติดต่อ,,
132,53297,คลินิกเวชกรรมนายแพทย์ประพันธ์,พิจิตร,ชลธิชา ช่วยพันธ์,3.มี Provider ID สำหรับคลินิกเเล้ว,7.เคยทดลองใช้เล้วยกเลิก,09/01/2026,"- 24/09/2025 คุณหมอได้ทดลองใช้เเล้ว Feedback ประมวลผลออกมาข้อมูลไม่ค่อยตรงกับที่พูด มีการลงข้อมูลซ้ำในส่วนของ HPI กับ PI และมีการดึงข้อมูลจาก Visit เก่ามาด้วย
- 09/01/26 ไม่ได้ใช้งาน 3-4 อาทิตย์ เนื่องจากระบบไม่พิมพ์ตามที่พูด  ",,-,,,,สนใจ AI,53297,สนใจ AI,ไม่สนใจ iService,,,,0.ยังไม่ได้ติดต่อ,,
133,52240,คลินิกเฉพาะทางด้านเวชกรรมสาขาศัลยกรรมทั่วไป นพ.กฤษภณ,เพชรบูรณ์,ชลธิชา ช่วยพันธ์,-,-,,,,2. นำส่ง User ให้ลูกค้าเเล้ว,27/2/2026,27/02/26 ส่งให้คลินิกแล้ว,,สนใจ iService,52240,ไม่สนใจ AI,สนใจ iService,17/2/2026,"ไม่รับสาย
30/1/2026 ไม่รับสาย
17/02/26 สนใจ iservice ไม่สนใจ AI เนื่องจากการซักประวัติอาจจะไม่ได้เเค่พูดคุยเกี่ยวกับประวัติ",,0.ยังไม่ได้ติดต่อ,,
134,53165,คลินิกเวชกรรมนายแพทย์ธนพล2,ร้อยเอ็ด,จตุพร ผาสุจิต,-,-,,,,-,,,,รอพิจารณา,53165,รอพิจารณา,รอพิจารณา,30/1/2026,"หมอบอกว่าพอดีผมเปิดคลินิกอยู่ครับ ไม่สะดวก
30/1/2026 ทดลองใช้งานสาขาแรกอยู่",,0.ยังไม่ได้ติดต่อ,,
135,53990,หมอภูมิภัทร์ คลินิกเวชกรรม,เชียงราย,ธนวัฒน์ เศวตวงศ์,-,-,,,,-,,,,ติดต่อใหม่,53990,ติดต่อใหม่,ติดต่อใหม่,25/2/2026,"ไม่รับสาย เบอร์เดียวกับ รวมแพทย์คลินิก
30/1/2026 ไม่รับสาย
25/02/26 ไม่ติด ตู้ดๆๆ 16.48 น.",,0.ยังไม่ได้ติดต่อ,,
136,35567,คลินิกแพทย์ธงชัย,เพชรบูรณ์,ชลธิชา ช่วยพันธ์,-,-,,,,-,,,,ไม่สนใจทั้งสองระบบ,35567,ไม่สนใจ AI,ไม่สนใจ iService,20/1/2026,หมอเสียแล้ว ปิดระบบเเล้ว,,0.ยังไม่ได้ติดต่อ,,
137,46810,สบายใจคลินิกเวชกรรม,กรุงเทพมหานคร,ธนวัฒน์ เศวตวงศ์,-,-,,,,-,,,,รอพิจารณา,46810,รอพิจารณา,รอพิจารณา,13/1/2026,เครือรักสุขภาพ,,0.ยังไม่ได้ติดต่อ,,
138,53593,คลินิกแพทย์จตุคลินิกเวชกรรม,ร้อยเอ็ด,จตุพร ผาสุจิต,-,-,,,,-,,,,ยกเลิกสัญญา,53593,ยกเลิกสัญญา,ยกเลิกสัญญา,30/1/2026,"ไม่่มีหมายเลข
30/1/2026 คาดว่ายกเลิก เนื่องจากไม่สามารถติดต่อทางแพทย์ให้ต่อสัญญาและเสนอบริการใหม่ได้",,0.ยังไม่ได้ติดต่อ,,
139,53912,คลินิกเวชกรรมหมอกษมพล ชุมพร,ชุมพร,จตุพร ผาสุจิต,-,-,,,,-,,,,ไม่สนใจทั้งสองระบบ,53912,ไม่สนใจ AI,ไม่สนใจ iService,30/1/2026,"รอพี่หนึ่งติดต่อ เนื่องจากเปลี่ยนประเภทคลินิก
30/1/2026 เนื่องจากกำลังเปลี่ยนผ่านมาใช้เป็นระบบ Telemedicine และยังให้บริการคนไข้ไม่ได้ จึงยังไม่สนใจที่จะใช้งานระบบ",,0.ยังไม่ได้ติดต่อ,,
140,54701,กายมีสุข คลินิกเวชกรรม,กรุงเทพมหานคร,ธนวิชญ์ สถิตคุณอนันต์,-,-,,,,-,,,,ติดต่อใหม่,54701,ติดต่อใหม่,ติดต่อใหม่,24/2/2026,"ไม่รับสาย
30/1/2026 ไม่รับสาย
18/02/26 ไม่รับสาย
20/02/26 ไม่รับสาย
24/02/26 ไม่รับสาย 17.23 น.",,0.ยังไม่ได้ติดต่อ,,
141,53742,คลินิกเวชกรรมนายแพทย์ภาณุพันธุ์,ยโสธร,ธนวัฒน์ เศวตวงศ์,-,-,,,,-,,,,ยกเลิกสัญญา,53742,ยกเลิกสัญญา,ยกเลิกสัญญา,30/1/2026,"ไม่รับสาย
30/1/2026 ตรวจคนไข้อยู่",,0.ยังไม่ได้ติดต่อ,,
142,53652,คลินิกเวชกรรมแพทย์อิลฮัม,นราธิวาส,ธนาภรณ์ สายทองดี,-,-,,,,-,,,,รอพิจารณา,53652,รอพิจารณา,รอพิจารณา,20/1/2026,อธิบายรายละเอียดเเล้ว คุณหมอยังตัดสินใจไม่ได้,,0.ยังไม่ได้ติดต่อ,,
143,44648,คลินิกเวชกรรมบ้านหมอจู,อุบลราชธานี,ชลธิชา ช่วยพันธ์,-,-,,,,-,,,,ติดต่อใหม่,44648,ติดต่อใหม่,ติดต่อใหม่,30/1/2026,"ให้พี่การ์ฟิวส์ส่งรายละเอียดให้ทางไลน์
30/1/2026 จะติดต่อไปเพื่อติดตาม แต่โทรไปแล้วคุณหมอไม่เปิดโทรศัพท์",,0.ยังไม่ได้ติดต่อ,,
144,53774,คลินิกเวชกรรม คลินิกนายแพทย์ธนากร (หมอโต้ง),เชียงราย,ชลธิชา ช่วยพันธ์,-,-,,,,-,,,,ติดต่อใหม่,53774,ติดต่อใหม่,ติดต่อใหม่,20/2/2026,"คุณหมอติดคนไข้ ให้ติดต่อใหม่
30/1/2026 ติดต่อใหม่ 5 โมง
20/02//26 ให้ติดต่ออีกที 6 โมงเย็น",,0.ยังไม่ได้ติดต่อ,,
145,49897,หมอขวัญคลินิกเวชกรรม,มหาสารคาม,ชลธิชา ช่วยพันธ์,-,-,,,,-,,,,ติดต่อใหม่,49897,ติดต่อใหม่,ติดต่อใหม่,30/1/2026,"ไม่รับสาย
30/1/2026 ติดต่อใหม่อีกทีวันจันทร์",,0.ยังไม่ได้ติดต่อ,,
146,30492,นายแพทย์เสน่ห์คลินิกเวชกรรม,มหาสารคาม,ธนวัฒน์ เศวตวงศ์,-,-,,,,-,,,,ไม่สนใจทั้งสองระบบ,30492,ไม่สนใจ AI,ไม่สนใจ iService,30/1/2026,30/1/2026 คาดว่าจะไม่ทำคลินิกต่อ เลยยังไม่สนใจใช้งานระบบอื่น,,0.ยังไม่ได้ติดต่อ,,
147,52692,ดิเลิฟลี่คลินิกเวชกรรม,เชียงใหม่,ชลธิชา ช่วยพันธ์,-,-,,,,-,,,,ยกเลิกสัญญา,52692,ยกเลิกสัญญา,ยกเลิกสัญญา,20/2/2026,"ไม่รับสาย
30/1/2026 ไม่รับสาย
12/02/26 ไม่รับสาย
20/02/26 ในระบบขึ้นเเจ้งไม่ต่อสัญญา",,0.ยังไม่ได้ติดต่อ,,
148,52448,คลินิกเวชกรรมแพทย์โกสินทร์,อุตรดิตถ์,ธนวิชญ์ สถิตคุณอนันต์,-,-,,,,-,,,,ยกเลิกสัญญา,52448,ยกเลิกสัญญา,ยกเลิกสัญญา,20/2/2026,20/02/26 ต่อสัญญาแบบ Read Only,,0.ยังไม่ได้ติดต่อ,,
149,90048,คลินิกเฉพาะทางด้านเวชกรรมอายุรศาสตร์แพทย์พรสวรรค์,สุพรรณบุรี,จตุพร ผาสุจิต,-,-,,,,-,,,,ติดต่อใหม่,90048,ติดต่อใหม่,ติดต่อใหม่,30/1/2026,"หมอไม่สะดวกคุย ต้องไลน์ไป
30/1/2026 ทักไลน์และโทรไป ยังไม่มีการตอบกลับ",,0.ยังไม่ได้ติดต่อ,,
150,55611,คลินิกเวชกรรมหมอชากรณัช,พะเยา,จตุพร ผาสุจิต,-,-,,,,2. นำส่ง User ให้ลูกค้าเเล้ว,12/2/2026,เปิดระบบ นำส่งให้ลูกค้า,,สนใจ iService,55611,ไม่สนใจ AI,สนใจ iService,21/1/2026,หมอเเจ้งว่า สนใจ iservice,มี iservice,0.ยังไม่ได้ติดต่อ,,22/01/26 ติดต่อีกทีตอนเย็น
151,54078,คลินิกเวชกรรมนายแพทย์ปริญ,อุบลราชธานี,ธนวัฒน์ เศวตวงศ์,-,-,,,,-,,,,ติดต่อใหม่,54078,ติดต่อใหม่,ติดต่อใหม่,30/1/2026,"คุณหมอติดงานอยู่ เอาไว้รอบหน้า
30/1/2026 ติดต่อใหม่อีกทีช่วงเย็น",,0.ยังไม่ได้ติดต่อ,,
152,53832,คลินิกเวชกรรมนายแพทย์จิระวัตรบ้านสบาย,ศรีสะเกษ,จตุพร ผาสุจิต,-,-,,,,-,,,,ติดต่อใหม่,53832,ติดต่อใหม่,ติดต่อใหม่,30/1/2026,"ไม่รับสาย
30/1/2026 วันนี้ประชุมทั้งวันเลยติดต่อใหม่อีกที",,0.ยังไม่ได้ติดต่อ,,
153,30801,หมอเกียรติคลินิกเวชกรรม,ปัตตานี,จตุพร ผาสุจิต,3.มี Provider ID สำหรับคลินิกเเล้ว,6.ยกเลิกใช้งาน,27/02/2026,"11/02/26 ได้รับเมล Licen AI เเล้ว
13/02/26 เเจ้งทีมเทคนิคเซ็ต License 
16/02/26 ทีมเทคนิคเซ็ตระบบเเล้ว รอนัดหมายเทรนนิ่งใช้งาน
19/02/2026 ติดตามการต่อสัญญาก่อน หากคลินิกไม่ต่อจะไม่สามารถใช้งานได้
27/02/2026 ใช้ Package Lead only ไม่สามารถใช้งาน PresScribe AI ได้",,3. ลูกค้าทดลองใช้,12/2/2026,เปิดระบบ นำส่งให้ลูกค้า,,สนใจ AI+iService,30801,สนใจ AI,สนใจ iService,27/1/2026,"เเจ้งว่าเดี๋ยวให้เจ้าหน้าที่ติดต่อคุณหนึ่ง
27/1/2026 สนใช้ใช้งานระบบ",มี iservice,0.ยังไม่ได้ติดต่อ,,
154,54080,คลินิกเวชกรรมหมอถิรวิทย์,ศรีสะเกษ,ธนวัฒน์ เศวตวงศ์,-,-,,,,2. นำส่ง User ให้ลูกค้าเเล้ว,21/1/2026,,,สนใจ iService,54080,ไม่สนใจ AI,สนใจ iService,21/1/2026,หมอเเจ้งว่า สนใจ iservice,มี iservice,0.ยังไม่ได้ติดต่อ,,
155,55463,คลินิกเวชกรรมแพทย์หญิงวลี,ขอนแก่น,จตุพร ผาสุจิต,-,-,,,,-,,,,ติดต่อใหม่,55463,ติดต่อใหม่,ติดต่อใหม่,30/1/2026,"ติดตรวจคนไข้ 17.16 น.
30/1/2026 รับสายแล้ว แต่ไม่พูด โทรไปอีกรอบไม่รับ",,0.ยังไม่ได้ติดต่อ,,
156,54254,คลินิกแพทย์ภัทรภร คลินิกเวชกรรม,กำแพงเพชร,ธวัชชัย รุ่งเสถียรภูธร,-,-,,,,3. ลูกค้าทดลองใช้,23/1/2026,"รูปแบบเข้าใจง่าย
อาจจะงงๆตรงสรุปค่าใช้จ่าย และ สรุปการใช้ยา/เวชภัณฑ์ ที่ไม่แน่ใจที่มาของตัวเลข
และ ตรงรายงานสรุปค่าใช้จ่ายของข้าราชการ กับ ประกันสังคม ไม่ขึ้น","รูปแบบเข้าใจง่าย
อาจจะงงๆตรงสรุปค่าใช้จ่าย และ สรุปการใช้ยา/เวชภัณฑ์ ที่ไม่แน่ใจที่มาของตัวเลข
และ ตรงรายงานสรุปค่าใช้จ่ายของข้าราชการ กับ ประกันสังคม ไม่ขึ้น",สนใจ iService,54254,ไม่สนใจ AI,สนใจ iService,21/1/2026,หมอเเจ้งว่า สนใจ iservice,มี iservice,0.ยังไม่ได้ติดต่อ,,
157,54049,คลินิกเวชกรรมหมอชนินทร์,ลำพูน,ณิชกุล เจริญสุข,-,-,,,,3. ลูกค้าทดลองใช้,17/2/2026,"เปิดระบบให้กับลูกค้าเรียบร้อยแล้ว รอทางคลินิกเข้ามาทดลองใช้งาน
17/02/26 BD ติดตาม ลูกค้าเเจ้งว่าจะทดลองใช้ / ทดลองใช้เเล้ว",,สนใจ iService,54049,ไม่สนใจ AI,สนใจ iService,21/1/2026,อยากได้ข้อมูลพื้นฐานใบ สพ.23 เผื่อเอาไปต่ออายุ,มี iservice,0.ยังไม่ได้ติดต่อ,,
158,53947,ไออุ่นคลินิกเวชกรรม สาขาท่าสัก,อุตรดิตถ์,จตุพร ผาสุจิต,3.มี Provider ID สำหรับคลินิกเเล้ว,7.เคยทดลองใช้เล้วยกเลิก,10/02/2026,ยกเลิกใช้งานเนื่องจาก พนักงานคีย์ข้อมูลเองสะดวกกว่า,,-,,,,สนใจ AI,53947,สนใจ AI,ไม่สนใจ iService,,,,0.ยังไม่ได้ติดต่อ,,
159,30505,คลินิกเวชกรรมหมอปิติ,มหาสารคาม,ธนาภรณ์ สายทองดี,-,-,,,,-,,,,ไม่สนใจทั้งสองระบบ,30505,ไม่สนใจ AI,ไม่สนใจ iService,21/1/2026,แจ้งว่าหลักๆจะให้เด็กทำ ใช้ส่งเคลม,,0.ยังไม่ได้ติดต่อ,,
160,24801,คลินิกหมออิทธิพล คลินิกเวชกรรม,เชียงราย,ธนวัฒน์ เศวตวงศ์,-,-,,,,-,,,,ติดต่อใหม่,24801,ติดต่อใหม่,ติดต่อใหม่,26/2/2026,"บริการฝากหมายเลข
30/1/2026 ฝากหมายเลขโทรกลับ
12/02/26 ฝากหมายเลข
19/02/26 บริการฝากหมายเลข
20/02/26 บริการฝากหมายเลข
25/02/26 บริการฝากหมายเลข 17.00
26/02/26 บริการฝากหมายเลข 17.20",,0.ยังไม่ได้ติดต่อ,,
161,49082,หมอปรินทร์คลินิกเวชกรรม,ปัตตานี,จตุพร ผาสุจิต,-,-,,,,2. นำส่ง User ให้ลูกค้าเเล้ว,27/2/2026,"เปิดระบบ นำส่งให้ลูกค้า
27/2/2026 ไม่ค่อยมีเวลาใช้งานระบบ แจ้งว่าช่วงวันเสาร์จะลองเข้าใช้งานอีกที",,สนใจ iService,49082,ไม่สนใจ AI,สนใจ iService,21/1/2026,สนใจตัว iservice,มี iservice,0.ยังไม่ได้ติดต่อ,,
162,54407,สามเหลี่ยมคลินิกเวชกรรม,ขอนแก่น,ปาณิสรา ตรีรัตนธำรง,-,-,,,,-,,,,ติดต่อใหม่,54407,ติดต่อใหม่,ติดต่อใหม่,30/1/2026,"ติดตรวจคนไข้ 17.18 น.
30/1/2026 0972899995 คุณเบนซ์ผู้จัดการคลินิก 
ติดต่อไปแล้วแจ้งว่า ขอดูอีกทีในวันที่ 2 เนื่องจากตอนนี้ยัง Revativate ไม่ได้ ถ้าทุกอย่างพร้อมแล้วจะแจ้งอีกที",,0.ยังไม่ได้ติดต่อ,,
163,51354,คลินิกเวชกรรมนายแพทย์ณัฐพล,แพร่,ณิชกุล เจริญสุข,-,-,,,,2. นำส่ง User ให้ลูกค้าเเล้ว,19/2/2026,19/02/26 ส่ง User ,,สนใจ iService,51354,ไม่สนใจ AI,สนใจ iService,18/2/2026,"หมอแจ้งว่าติดคนไข้
30/1/2026 ไม่รับสาย
18/02/26 ยังไม่สนใจ AI เนื่องจากเป็นถาษาถิ่มพูดกับคนไข้ แต่สนใจ iservice ",มี iservice,0.ยังไม่ได้ติดต่อ,,
164,53817,หมอปัญจภัสร์คลินิกเวชกรรม,ปราจีนบุรี,อริสรา ส่วนบุญ,-,-,,,,-,,,,ยกเลิกสัญญา,53817,ยกเลิกสัญญา,ยกเลิกสัญญา,30/1/2026,"ได้ยินเสียงเหมือนหมอประชุมอยู่ เเจ้งว่า ติดงานค่า 15.45 น.
30/1/2026 ในสถานะในระบบขึ้นเป็น 9.2 ซื้อแล้วยกเลิก",,0.ยังไม่ได้ติดต่อ,,
165,51975,คลินิกเวชกรรมหมอแพรวพรรณ,มหาสารคาม,จตุพร ผาสุจิต,-,-,,,,5.ยกเลิกใช้งาน,27/2/2026,"เปิดระบบ นำส่งให้ลูกค้า
16/02/26 นำส่ง User แล้ว
27/2/2026 เนื่องจากทางคลินิกจะไม่ต่อสัญญาระบบ น่าจะไม่ได้ใช้เพื่อดูระบบแล้ว",,สนใจ iService,51975,ไม่สนใจ AI,สนใจ iService,12/2/2026,"โทรไม่ติด
30/1/2026 ไม่รับสาย
12/02/26 สนใจ iservice",มี iservice,0.ยังไม่ได้ติดต่อ,,
166,27368,คลินิกแพทย์หญิงอรวรรณ,กาฬสินธุ์,ชลธิชา ช่วยพันธ์,-,-,,,,2. นำส่ง User ให้ลูกค้าเเล้ว,19/2/2026,,,สนใจ iService,27368,ไม่สนใจ AI,สนใจ iService,18/2/2026,"ไม่รับสาย
30/1/2026 ไม่รับสาย
12/02/26 ไม่รับสาย
13/02/26 ไม่รับสาย
18/02/26 ยังไม่สน AI ติดปัญหาด้านภาษาถิ่น เเละคิดว่าใช้ยาก สนใจ iservice",มี iservice,0.ยังไม่ได้ติดต่อ,,
167,49656,แพทย์หญิงชฎาพร คลินิกเวชกรรม,ร้อยเอ็ด,ธวัชชัย รุ่งเสถียรภูธร,-,-,,,,-,,,,ติดต่อใหม่,49656,ติดต่อใหม่,ติดต่อใหม่,30/1/2026,"หมอแจ้งว่่า ตอนนี้ยังไม่สะดวกค่า
30/1/2026 วันนี้ไม่สะดวกคุยเลย",,0.ยังไม่ได้ติดต่อ,,
168,53825,คลินิกเวชกรรมนายแพทย์จิระวัตร,ศรีสะเกษ,จตุพร ผาสุจิต,-,-,,,,-,,,,ติดต่อใหม่,53825,ติดต่อใหม่,ติดต่อใหม่,25/2/2026,"ไม่รับสาย
30/1/2026 ตอนนี้ยังไม่สะดวกคุย
25/02/26 ไม่รับสาย",,0.ยังไม่ได้ติดต่อ,,
169,54028,หมอนิงคลินิกเวชกกรรม,ปัตตานี,จตุพร ผาสุจิต,-,-,,,,-,,,,ติดต่อใหม่,54028,ติดต่อใหม่,ติดต่อใหม่,30/1/2026,"เเจ้งให้ติดต่อเบอร์คลินิก 0819568565
30/1/2026 ตอนนี้สอนนักศึกษาอยู่ค่ะ",,0.ยังไม่ได้ติดต่อ,,
170,44672,รวมสุขคลินิกเวชกรรม,กรุงเทพมหานคร,ปาณิสรา ตรีรัตนธำรง,-,-,,,,-,,,,ติดต่อใหม่,44672,ติดต่อใหม่,ติดต่อใหม่,17/2/2026,"ไม่รับสาย
30/1/2026 ไม่รับสาย
13/02/2026 ไม่รับสาย
17/02/26 หมอแจ้งว่าพอดีตอนนี้ผมขับรถอยู่ครับ 17.35 น. ",,0.ยังไม่ได้ติดต่อ,,
171,44203,คลินิกเวชกรรมหมอฐิติพร,เชียงใหม่,ธนวัฒน์ เศวตวงศ์,-,-,,,,2. นำส่ง User ให้ลูกค้าเเล้ว,,,,สนใจ iService,44203,ไม่สนใจ AI,สนใจ iService,14/1/2026,คุณหมอไม่สะดวกคุย เสียงผู้หญิง แจ้งให้พี่จุ้ยส่งรายละเอียดให้ทางไลน์,มี iservice,0.ยังไม่ได้ติดต่อ,,
172,54556,คลินิกเวชกรรมแพทย์หญิงสุกัญญา,ร้อยเอ็ด,ชลธิชา ช่วยพันธ์,-,-,,,,-,,,,ไม่สนใจทั้งสองระบบ,54556,ไม่สนใจ AI,ไม่สนใจ iService,21/1/2026,ติคนไข้ไม่ค่อยมี คิดว่าจะไม่เข้าร่วม สปสช.,,0.ยังไม่ได้ติดต่อ,,
173,54481,คลินิกเวชกรรมหมอกษมพล กทม.,กรุงเทพมหานคร,จตุพร ผาสุจิต,-,-,,,,-,,,,ไม่สนใจทั้งสองระบบ,54481,ไม่สนใจ AI,ไม่สนใจ iService,30/1/2026,"พี่หนึ่งเเจ้งว่า ยังไม่ต้องติดต่อ กำลังเปลี่ยนประเภทคลินิก
30/1/2026 เนื่องจากกำลังเปลี่ยนผ่านมาใช้เป็นระบบ Telemedicine และยังให้บริการคนไข้ไม่ได้ จึงยังไม่สนใจที่จะใช้งานระบบ",,0.ยังไม่ได้ติดต่อ,,
174,47834,คลินิกเฉพาะทางด้านเวชกรรมนายแพทย์ชัยวัฒน์ สาขาอายุรกรรม,บุรีรัมย์,จตุพร ผาสุจิต,-,-,,,,-,,,,ติดต่อใหม่,47834,ติดต่อใหม่,ติดต่อใหม่,26/2/2026,"ไม่รับสาย
30/1/2026 ไม่รับสาย
13/02/26 ไม่รับสาย
17/02/26 ไม่รับสาย
18/02/26 ไม่รับสาย
19/02/26 ไม่รับสาย
20/02/26 ไม่รับสาย
25/02/26 ไม่รับสาย 16.51 น
26/02/26 ไม่รับสาย 17.18 น.",,0.ยังไม่ได้ติดต่อ,,
175,54548,คลินิกเวชกรรมหมอฉุลีรัตน์,นราธิวาส,ชลธิชา ช่วยพันธ์,-,-,,,,-,,,,ติดต่อใหม่,54548,ติดต่อใหม่,ติดต่อใหม่,30/1/2026,"หมอแจงว่าติดต่อคนไข้อยู่ค่ะ
30/1/2026 ตอนนี้ยังไม่สะดวกคุย",,0.ยังไม่ได้ติดต่อ,,
176,54044,คลินิกเวชกรรมนายแพทย์ไพบูรณ์ 2,ขอนแก่น,ณิชกุล เจริญสุข,-,-,,,,-,,,,ไม่สนใจทั้งสองระบบ,54044,ไม่สนใจ AI,ไม่สนใจ iService,14/1/2026,คุณหมอแจ้งว่า ออกจาก สปสช.เเล้ว เลยไม่ได้ใช้ EHP และมีโปรแกรมอื่นใช้เล้ว,,0.ยังไม่ได้ติดต่อ,,
177,54087,หมอหยกคลินิกเวชกรรม,ลำพูน,ปาณิสรา ตรีรัตนธำรง,-,-,,,,-,,,,ติดต่อใหม่,54087,ติดต่อใหม่,ติดต่อใหม่,30/1/2026,"ไม่รับสาย
30/1/2026 พอดีมาธนาคารโดนเรียกคิวพอดี ติดต่อวันหลังนะ",,0.ยังไม่ได้ติดต่อ,,
178,53957,คลินิกเวชกรรมนายแพทย์สถาปัตย์,สุโขทัย,จตุพร ผาสุจิต,-,-,,,,-,,,,ติดต่อใหม่,53957,ติดต่อใหม่,ติดต่อใหม่,19/2/2026,"หมอแจ้งว่าติดคนไข้อยู่ครับ 16.53 น.
30/1/2026 ไม่รับสาย
18/02/26 ไม่รับสาย
19/02/26 คุณหมอแจ้งว่ายอตนนี้ติดงานอยู๋ครับ ยังไม่ว่างเลย 17.06 น.",,0.ยังไม่ได้ติดต่อ,,
179,44647,Sw family clinic คลินิกเวชกรรมเอสดับเบิลยูแฟมิลี่,กรุงเทพมหานคร,ปาณิสรา ตรีรัตนธำรง,-,-,,,,2. นำส่ง User ให้ลูกค้าเเล้ว,16/2/2026,16/02/26 ดูในระบบ มีการเเจ้ง User ให้ลูกค้าแล้ว,,สนใจ iService,44647,ไม่สนใจ AI,สนใจ iService,13/1/2026,อธิบายรายละเอียด AI เเล้วทางคลินิกเเจ้งว่า ยังไม่ค่อยสนใจจุดนี้,มี iservice,0.ยังไม่ได้ติดต่อ,,
180,42949,เอฟเอ็มซีคลินิกเวชกรรม,นครราชสีมา,ชลธิชา ช่วยพันธ์,-,-,,,,-,,,,ติดต่อใหม่,42949,ติดต่อใหม่,ติดต่อใหม่,18/2/2026,"คุณหมอแจ้งว่าติดต่อหลัง 5 โมงเย็นหรือหกโมงเย็นได้มั้ยคะ พอดีคนไข้หมอเยอะ
30/1/2026 ไม่รับสาย
18/02/26 ไม่รับสาย",,0.ยังไม่ได้ติดต่อ,,
181,51895,คลินิกเวชกรรมนายแพทย์นิติกร,เชียงใหม่,ชลธิชา ช่วยพันธ์,-,-,,,,-,,,,ไม่สนใจทั้งสองระบบ,51895,ไม่สนใจ AI,ไม่สนใจ iService,20/2/2026,"ไม่รับสาย
30/1/2026 ไม่รับสาย
18/02/26 ไม่รับสาย
19/02/26 โทรไม่ติด
20/02/26 ออกจาสปสช.เเล้ว เลยไม่ได้ใช้ระบบเลย ",,0.ยังไม่ได้ติดต่อ,,
182,54529,อุ่นใจคลินิกเวชกรรม,กรุงเทพมหานคร,ชลธิชา ช่วยพันธ์,-,-,,,,-,,,,ติดต่อใหม่,54529,ติดต่อใหม่,ติดต่อใหม่,30/1/2026,"เจ้าหน้าที่รับสาย แจ้งว่า ตอนนี้ติดรับคนไข้อยู่ครับ 16.45 น.
30/1/2026 เจ้าหน้าที่แจ้งว่าตอนนี้ยังไม่สะดวก",,0.ยังไม่ได้ติดต่อ,,
183,55392,คลินิกเวชกรรม ณัฐณรงค์,พิษณุโลก,จตุพร ผาสุจิต,-,-,,,,-,,,,รอพิจารณา,55392,รอพิจารณา,รอพิจารณา,30/1/2026,"ไม่รับสาย
30/1/2026 ขอดูก่อนมีแพลนที่จะขอลด Package ลงเหลือ 6,990 บาท",,0.ยังไม่ได้ติดต่อ,,
184,53102,คลินิกนายแพทย์นิติชาญ สาขาประทาย,นครราชสีมา,อริสรา ส่วนบุญ,0.ยังไม่มี Provider ID สำหรับคลินิก,แจ้ง BD ส่งเอกสาร Provider ID,13/02/2026,13/02/26 เเจ้ง BD ลูกค้าสนใจ,,2. นำส่ง User ให้ลูกค้าเเล้ว,19/2/2026,13/02/26 แจ้ง BD ลูกค้าสนใจ,,สนใจ AI+iService,53102,สนใจ AI,สนใจ iService,13/2/2026,"เบอร์เดียวกัน
30/1/2026 ไม่รับสาย
13/02/26 เบอร์เดียวกัน สนใจทั้ง 2 ระบบ",มี iservice,0.ยังไม่ได้ติดต่อ,,
185,54944,คลินิกเวชกรรมหมอกษมพล สมุทรสาคร,สมุทรสาคร,จตุพร ผาสุจิต,-,-,,,,-,,,,ไม่สนใจทั้งสองระบบ,54944,ไม่สนใจ AI,ไม่สนใจ iService,30/1/2026,"รอพี่หนึ่งติดต่อ เปลี่ยนประเภทคลินิก
30/1/2026 เนื่องจากกำลังเปลี่ยนผ่านมาใช้เป็นระบบ Telemedicine และยังให้บริการคนไข้ไม่ได้ จึงยังไม่สนใจที่จะใช้งานระบบ",,0.ยังไม่ได้ติดต่อ,,
186,52789,คลินิกนายแพทย์เบญจวุฒิ,อุตรดิตถ์,ชลธิชา ช่วยพันธ์,-,-,,,,-,,,,ไม่สนใจทั้งสองระบบ,52789,ไม่สนใจ AI,ไม่สนใจ iService,19/2/2026,"โทรไม่ติด
30/1/2026 ติดประชุมอยู่
19/02/26 หมอไม่เข้าร่วม สปสช.แล้ว คิดว่าไม่ต่อสัญญาเเล้ว",,0.ยังไม่ได้ติดต่อ,,
187,54862,รัชวิภาคลินิกเวชกรรม,มหาสารคาม,จตุพร ผาสุจิต,-,-,,,,-,,,,ไม่สนใจทั้งสองระบบ,54862,ไม่สนใจ AI,ไม่สนใจ iService,21/1/2026,ไม่สนใจ,,0.ยังไม่ได้ติดต่อ,,
188,52161,คลินิกนายแพทย์นิติชาญ,นครราชสีมา,อริสรา ส่วนบุญ,-,-,,,,-,19/2/2026,19/02/2026 ส่ง User ให้ลูกค้าแล้ว,,รอพิจารณา,52161,รอพิจารณา,รอพิจารณา,13/2/2026,"หมอแจ้งว่าพอดีติดคนไข้อยู่เดี๋ยวติดต่อมาทีหลังเนาะ
30/1/2026 ไม่รับสาย
13/02/26 เบอร์เดียวกัน สนใจทั้ง 2 ระบบ ทดลองใช้ สาขา เดียวก่อน",,0.ยังไม่ได้ติดต่อ,,
189,54278,พราวบิวตี้คลินิก,ปัตตานี,จตุพร ผาสุจิต,-,-,,,,-,,,,รอพิจารณา,54278,รอพิจารณา,รอพิจารณา,21/1/2026,อธิิบาย iservice แล้ว รอพิจารณา,,0.ยังไม่ได้ติดต่อ,,
190,53909,คลินิกเวชกรรมบ้านหมอ,เชียงใหม่,ณิชกุล เจริญสุข,-,-,,,,-,,,,ติดต่อใหม่,53909,ติดต่อใหม่,ติดต่อใหม่,30/1/2026,"เสียงขาดๆหายๆ ได้ยินว่าติด น่าจะติดงานอยู่ เดี่ยวเเจ้งให้อายส่งรายละเอียดให้ทางไลน์
30/1/2026 ติดประชุมอยู่",,0.ยังไม่ได้ติดต่อ,,
191,90140,คลินิกแพทย์กนกรัชต์ - กฤษณะ,ตาก,ธนวัฒน์ เศวตวงศ์,-,-,,,,-,,,,ติดต่อใหม่,90140,ติดต่อใหม่,ติดต่อใหม่,30/1/2026,"หมอแจ้งว่าติดคนไข้
21/1/2026 ให้เจ้าของเคสนำส่งข้อมูลเข้าไปให้อีกที",,0.ยังไม่ได้ติดต่อ,,
192,55606,คลินิกเวชกรรมแพทย์วีรวัฒน์,ลำปาง,ธวัชชัย รุ่งเสถียรภูธร,3.มี Provider ID สำหรับคลินิกเเล้ว,7.เคยทดลองใช้เล้วยกเลิก,24/09/2025,"คลินิกเวชกรรมหมอวีรวัฒน์ 03/09/25
- Dx text ถือว่าดีผมกำลังผูกกับ Dx Text กับ ICD10
- แล้ว ICD  10 ถ้าเราตั้งให้มันคีย์ยาเบื้องต้นให้อัตโนมัติให้ก็จะถือว่าสมบูรณ์เลยครับ
- ถ้าง่ายกว่านั้น ให้ AI ลง ICD 10 ให้เลย จะได้ไม่ต้องผูก code map  เพิ่มใน  option ให้แพทย์สามารถตั้งยาชุดตามรหัส  ICD ครับ

คลินิกเวชกรรมหมอวีรวัฒน์ 19/09/25
- ปัจจุบันไม่ใช้งานแล้ว เนื่องจากคลินิกมีคนซักประวัติอยู่แล้วทำให้พิมพ์เองรวดเร็วกว่าและ AI มีการประมวลช้าประมาน 10-15 วินาที",,3. ลูกค้าทดลองใช้,02/12/2025,ไม่มีฟีดแบคอะไรเพิ่มเติม ,,สนใจ AI+iService,55606,สนใจ AI,สนใจ iService,21/1/2026,"ใช้ iservice
ยกเลิก AI",มี iservice,0.ยังไม่ได้ติดต่อ,,
193,55824,เบอร์เส้งการแพทย์คลินิกเวชกรรม,ยะลา,ธนวิชญ์ สถิตคุณอนันต์,-,-,,,,-,,,,ไม่สนใจทั้งสองระบบ,55824,ไม่สนใจ AI,ไม่สนใจ iService,23/1/2026,หมอแจ้งว่า คงไม่ครับ เพราะ สปสช. เป็นแบบนี้คงไม่ต่อสัญญา,,0.ยังไม่ได้ติดต่อ,,
194,54464,คลินิกเวชกรรมเอเนอร์จีเดย์ขอนแก่น,ขอนแก่น,ชลธิชา ช่วยพันธ์,-,-,,,,-,,,,ไม่สนใจทั้งสองระบบ,54464,ไม่สนใจ AI,ไม่สนใจ iService,14/1/2026,หมอเเจ้งว่าไม่ค่อยได้ใช้เเล้ว เนื่องจากออกจาก สปสช.,,0.ยังไม่ได้ติดต่อ,,
195,55158,คลินิกเวชกรรมแพทย์หญิงจุฬาภรณ์,ร้อยเอ็ด,ชลธิชา ช่วยพันธ์,-,-,,,,-,,,,ไม่สนใจทั้งสองระบบ,55158,ไม่สนใจ AI,ไม่สนใจ iService,22/1/2026,ยังไม่สนใจ เจ้าหน้าที่ยังไม่สะดวก,,0.ยังไม่ได้ติดต่อ,,
196,53983,กนกคลินิกเวชกรรม,หนองคาย,ชลธิชา ช่วยพันธ์,-,-,,,,-,,,,รอพิจารณา,53983,รอพิจารณา,รอพิจารณา,13/2/2026,"ไม่รับสาย
22/1/2026 ติดต่อใหม่อีกที
13/02/26 ถ้าสนใจจะติดต่อกลับอีกที",,0.ยังไม่ได้ติดต่อ,,
197,36044,คลินิกนายแพทย์สมนึก,สกลนคร,จตุพร ผาสุจิต,3.มี Provider ID สำหรับคลินิกเเล้ว,7.เคยทดลองใช้เล้วยกเลิก,16/10/2025,"พี่หนึ่งดำเนินการส่งข้อมูล Key แล้ว นำส่งให้ทีมเทคนิคเรียบร้อย รอทีมเทคนิคดำเนินการ
16/10/68 แจ้งว่าระบบค้างที่หน้าการวิเคราะห์ผล",,-,,,,สนใจ AI,36044,สนใจ AI,ไม่สนใจ iService,30/1/2026,"หมอพูดห้วนๆ ตอนนี้ไม่ว่างเลย
30/1/2026 ติดตามครั้งล่าสุดหมอยังไม่สนใจ iService และพึ่งยกเลิกในส่วนของ AI ไป",มี AI,0.ยังไม่ได้ติดต่อ,,
198,55621,อุ่นไอรักคลินิกเวชกรรม สาขาลาซาล,กรุงเทพมหานคร,จตุพร ผาสุจิต,0.ยังไม่มี Provider ID สำหรับคลินิก,8.ไม่สนใจ,19/02/2026,"13/02/2026 ขอปรึกษากับทางหมออีกทีแล้วจะแจ้งอีกครั้ง
19/02/2026 ทางคุณแนนขอยังไม่รับตอนนี้เนื่องจาก แจ้งว่ามีเงื่อนไขค่อนข้างเยอะ เนื่องจากต้องปรับปรุงคลินิกของแต่ละสาขาทำให้ช่วงนี้ไม่ได้ ไม่ได้ใช้งานระบบเลย แล้วหมอประจำก็ค่อนข้างน้อยเลยไม่รู้ว่าต้องใช้ login ของใครที่ใช้สมัคร Provider ID ",,-,12/2/2026,เปิดระบบ นำส่งให้ลูกค้า,,ไม่สนใจทั้งสองระบบ,55621,ไม่สนใจ AI,ไม่สนใจ iService,20/2/2026,"13/01 พี่หนึ่งจะติดต่อเอง
30/1/2026 สนใจทั้ง 2 บริการ",มี iservice,0.ยังไม่ได้ติดต่อ,,
199,55862,คลินิกเวชกรรม หมอเฟิร์น,ยโสธร,ปาณิสรา ตรีรัตนธำรง,3.มี Provider ID สำหรับคลินิกเเล้ว,5.2 อยู่ระหว่าง POC,27/02/2026,"23/01/26 เเจ้ง  BD ส่งเอกสารสมัตร Provder ID
11/02/26 ได้รับ email ขอ License AI
13/02/26 เเจ้งทีมเทคนิคเซ็ต License 
16/02/26 ทีมเทคนิคเซ็ตระบบเเล้ว รอนัดหมายเทรนนิ่งใช้งาน
20/2/02/26 นัดหมายเทรนนิ่งระบบ AI วันจันทร์ 23/02/26 เวลา 17.00 น.
23/02/26 เทรนนิ่งเรียบร้อยรอติดตามการใช้งาน
27/02/26 ติดตามการใช้งานเเล้ว",27/02/26 หมอทดลองใช้เเล้ว พูดเเล้วข้อมูลไม่ขึ้น เเต่ตอนเทรนนิ่งขึ้นปกติ,2. นำส่ง User ให้ลูกค้าเเล้ว,12/2/2026,"12/02/26 ไนซ์ติดตามกับ BD เจ้าของเคสเปิดระบบให้กับลูกค้าเรียบร้อยแล้ว รอทางคลินิกเข้ามาทดลองใช้งาน
",,สนใจ AI+iService,55862,สนใจ AI,สนใจ iService,22/1/2026,สนใจทดลองใช้ทั้ง 2 ระบบ,มี iservice,0.ยังไม่ได้ติดต่อ,,
200,42303,พิมคลินิกเวชกรรม สาขาตะวันนา-บางกะปิ,กรุงเทพมหานคร,ปาณิสรา ตรีรัตนธำรง,-,-,29/07/2025,,,-,,,,รอพิจารณา,42303,รอพิจารณา,รอพิจารณา,13/1/2026,คุณหมอแจ้งว่าผมเคยฟัง Present มาแล้ว,,0.ยังไม่ได้ติดต่อ,,
201,48451,คลินิกเวชกรรมแพทย์หญิงนันทิญา,กาฬสินธุ์,จตุพร ผาสุจิต,-,-,,,,-,,,,ติดต่อใหม่,48451,ติดต่อใหม่,ติดต่อใหม่,30/1/2026,"ไม่่รับสาย
30/1/2026 ช่วงนี้ ยังไม่สะดวกคุย",,0.ยังไม่ได้ติดต่อ,,
202,55222,คลินิกเวชกรรมแพทย์ระวิวรรณ,พิษณุโลก,ชลธิชา ช่วยพันธ์,-,-,,,,-,,,,ติดต่อใหม่,55222,ติดต่อใหม่,ติดต่อใหม่,30/1/2026,"ไม่รับสาย
30/1/2026 ยังไม่สะดวกคุย คนไข้ยังเหลืออยู่เป็น 10 เลย",,0.ยังไม่ได้ติดต่อ,,
203,56042,รักษ์ดี คลินิกเวชกรรม,กรุงเทพมหานคร,ธนวิชญ์ สถิตคุณอนันต์,-,-,,,,-,,,,รอพิจารณา,56042,รอพิจารณา,รอพิจารณา,13/1/2026,ส่งรายละเอียดให้ทางไลน์,,0.ยังไม่ได้ติดต่อ,,
204,54394,คลินิกเวชกรรมหมอเสกสรรค์,ศรีสะเกษ,ธนวัฒน์ เศวตวงศ์,-,-,,,,-,,,,ไม่สนใจทั้งสองระบบ,54394,ไม่สนใจ AI,ไม่สนใจ iService,22/1/2026,เนื่องจากจะออกจาก สปสช.เลยใช้เบบกระดาษ,,0.ยังไม่ได้ติดต่อ,,
205,55217,คลินิกเวชกรรมนายแพทย์ชารินทร์,อุตรดิตถ์,อริสรา ส่วนบุญ,-,-,,,,-,,,,ไม่สนใจทั้งสองระบบ,55217,ไม่สนใจ AI,ไม่สนใจ iService,22/1/2026,หมอแจ้งว่า ระบบที่ใช้อยู่ทุกวันนี้ก็ดีมากๆ แล้ว ชินกับระบบนี้ไปแล้ว,,0.ยังไม่ได้ติดต่อ,,
206,CA0000046,คลินิกเฉพาะทางด้านเวชกรรมสาขาเวชศาสตร์ครอบครัวแพทย์หญิงกานต์ธิดา,เพชรบูรณ์,ชลธิชา ช่วยพันธ์,-,-,,,,-,,,,ติดต่อใหม่,CA0000046,ติดต่อใหม่,ติดต่อใหม่,30/1/2026,"ไม่รับสาย
30/1/2026 ตอนนี้ยังไม่สะดวกคุย",,0.ยังไม่ได้ติดต่อ,,
207,51989,คลินิกหมอธันวา คลินิกเวชกรรม,เชียงราย,ชลธิชา ช่วยพันธ์,-,-,,,,-,,,,ไม่สนใจทั้งสองระบบ,51989,ไม่สนใจ AI,ไม่สนใจ iService,22/1/2026,เนื่องจากไม่เข้าร่วมคลินิกนวัตกรรม,,0.ยังไม่ได้ติดต่อ,,
208,90156,คลินิกเวชกรรมนายแพทย์ภุชงค์ สาขา 2 (พร่อน),นราธิวาส,ชลธิชา ช่วยพันธ์,3.มี Provider ID สำหรับคลินิกเเล้ว,7.เคยทดลองใช้เล้วยกเลิก,15/08/2025,รอทางคลินิกดำเนินการกับ สสจ. เอกสารยังไม่สมบูรณ์ / ทางคลินิกไม่พร้อมใช้งาน ไม่มีเวลาทดสอบ ลูกค้าเยอะ,,-,,,,สนใจ AI,90156,สนใจ AI,ไม่สนใจ iService,,,,0.ยังไม่ได้ติดต่อ,,
209,55649,พูลพิพัฒน์ คลินิกเวชกรรม,พระนครศรีอยุธยา,อริสรา ส่วนบุญ,-,-,,,,2. นำส่ง User ให้ลูกค้าเเล้ว,,,,สนใจ iService,55649,ไม่สนใจ AI,สนใจ iService,13/2/2026,"ไม่รับสาย
30/1/2026 ตัดสาย
13/02/26 ไม่รับสาย",มี iservice,0.ยังไม่ได้ติดต่อ,,
210,CA0000671,คลินิกเวชกรรมหมอฟารุค,นราธิวาส,ชลธิชา ช่วยพันธ์,1.1 ส่งให้ลูกค้ากรอก,อยู่ระหว่างสมัคร Provider ID,04/02/2026,รอหมอกรอกข้อมูล Provider ID,,2. นำส่ง User ให้ลูกค้าเเล้ว,16/2/2026,"11/02/26 เปิดระบบให้กับลูกค้าเรียบร้อยแล้ว รอทางคลินิกเข้ามาทดลองใช้งาน
16/2/2026 คุณหมอแจ้งว่ายังไม่มีเวลาในการทดลองใช้งาน",,สนใจ AI+iService,CA0000671,สนใจ AI,สนใจ iService,22/1/2026,"สนใจทั้ง 2 ระบบ
16/2/2026 คุณหมอแจ้งว่ายังไม่มีเวลาในการทดลองใช้งาน",มี iservice,0.ยังไม่ได้ติดต่อ,,
211,55655,รวมแพทย์ คลินิกเวชกรรม สาขาแม่สาย,เชียงราย,ธนวัฒน์ เศวตวงศ์,-,-,,,,-,,,,ติดต่อใหม่,55655,ติดต่อใหม่,ติดต่อใหม่,25/2/2026,"หมอโทรกลับมาเเจ้งว่า เดี๋ยวผมว่างผมโทรกลับไปนะ (เจ้าของเดียวกับหมอภูมิภัทร์)
30/1/2026 ไม่รับสาย
19/02/26 โทรไม่ติด
25/02/26 ไม่ติด ตู้ดๆ 16.49 น.",,0.ยังไม่ได้ติดต่อ,,
212,CA0000324,โยนกนครคลินิกเวชกรรม,เชียงใหม่,ชลธิชา ช่วยพันธ์,-,-,,,,-,,,,รอพิจารณา,CA0000324,รอพิจารณา,รอพิจารณา,15/1/2026,คุณหมอพูดภาษาเหนือ เเจ้งว่ายังไม่สะดวกค่า เดี๋ยวโทรกลับ / หมอโทรกลับมา อธิบายรายละเอียดเเล้ว,,0.ยังไม่ได้ติดต่อ,,
213,55544,อุ่นใจใกล้หมอคลินิกเวชกรรม,ลำปาง,อริสรา ส่วนบุญ,-,-,,,,2. นำส่ง User ให้ลูกค้าเเล้ว,19/2/2026,19/02/2026 ส่ง User ให้ลูกค้าแล้ว,,สนใจ iService,55544,ไม่สนใจ AI,สนใจ iService,22/1/2026,สนใจ iservice,มี iservice,0.ยังไม่ได้ติดต่อ,,
214,52869,ติณณาคลินิกเวชกรรม,เพชรบูรณ์,ธนาภรณ์ สายทองดี,-,-,,,,3. ลูกค้าทดลองใช้,18/2/2026,18/02/26 ส่ง User ให้ลูกค้าเเล้ว / ลูกค้าทดลองเข้าเเล้ว,,สนใจ iService,52869,ไม่สนใจ AI,สนใจ iService,22/1/2026,สนใจ iservice,มี iservice,0.ยังไม่ได้ติดต่อ,,
215,21393,พิมคลินิกเวชกรรม,กรุงเทพมหานคร,ปาณิสรา ตรีรัตนธำรง,-,-,,,,-,,,,รอพิจารณา,21393,รอพิจารณา,รอพิจารณา,13/1/2026,คุณหมอแจ้งว่าผมเคยฟัง Present มาแล้ว,,0.ยังไม่ได้ติดต่อ,,
216,49227,พิมคลินิกเวชกรรม สาขาสำโรง,สมุทรปราการ,ปาณิสรา ตรีรัตนธำรง,-,-,,,,2. นำส่ง User ให้ลูกค้าเเล้ว,16/2/2026,16/02/26 ตรวจสอบในระบบ เปิดระบบแล้ว,,สนใจ iService,49227,ไม่สนใจ AI,สนใจ iService,,คุณหมอแจ้งว่าผมเคยฟัง Present มาแล้ว มี iservice,มี iservice,0.ยังไม่ได้ติดต่อ,,
217,55058,คลินิกเวชกรรมนายแพทย์มุคลิซ,นราธิวาส,อริสรา ส่วนบุญ,3.มี Provider ID สำหรับคลินิกเเล้ว,5.1 Training การใช้งาน,23/02/2026,"อุปกรณ์พร้อมใช้งานเเล้ว พึ่งซื้อไมค์มาเพิ่ม รอทางทีมเพื่อทดลองใช้งานอีกครั้ง
11/09/205 ติดตามการใช้งาน คุณหมอบอหว่าครั้งที่เเล้ว เกิดปัญหาที่อุปกรณ์เลยที่ให้ไม่สามารถใช้งานได้ ปัจจุบันคุณหมอได้ซื้อไมค์มาใหม่ ให้ทางทีมติดต่อนัดหมายเทรนนิ่งใหม่อีกที  
10/02/2026 นัดหมายเทรนใหม่วันพฤหัส ที่ 12/02
19/02/26 เข้าเทรนนิ่งเเล้ว เเต่ติดปัญหา License หมดอายุ ทางพี่ส้มได้ติดต่อทาง Healthflow ขอต่ออายุ License รอคอนเฟิร์มนัดหมายใหม่
26/02/26 หมอยังไม่มีเวลาเทรนนิ่ง",,-,,,,สนใจ AI,55058,สนใจ AI,ไม่สนใจ iService,,,,0.ยังไม่ได้ติดต่อ,,
218,CA0000768,คลินิกเวชกรรมหมอสารีฝ๊ะ,นราธิวาส,ชลธิชา ช่วยพันธ์,-,-,,,,-,,,,รอพิจารณา,CA0000768,รอพิจารณา,รอพิจารณา,30/1/2026,"ไม่รับสาย
30/1/2026 คนไข้น้อย ไมรู้จะเอามาวิเคราะห์อะไร มีสอบถามเพิ่มเติมเกี่ยวกับการใช้งายนรบะบบเพิ่มเติม",,0.ยังไม่ได้ติดต่อ,,
219,CA0000228,รักษ์สุขภาพเคหะธนคลินิกเวชกรรม,กรุงเทพมหานคร,ธนวัฒน์ เศวตวงศ์,-,-,,,,-,,,,รอพิจารณา,CA0000228,รอพิจารณา,รอพิจารณา,13/1/2026,เครือรักสุขภาพ,,0.ยังไม่ได้ติดต่อ,,
220,CA0000134,รักษ์สุขภาพดินแดงคลินิกเวชกรรม,กรุงเทพมหานคร,ธนวัฒน์ เศวตวงศ์,-,-,,,,-,,,,รอพิจารณา,CA0000134,รอพิจารณา,รอพิจารณา,13/1/2026,เครือรักสุขภาพ,,0.ยังไม่ได้ติดต่อ,,
221,55466,คลินิกเวชกรรมบ้านหมอ,เชียงราย,ธนวิชญ์ สถิตคุณอนันต์,-,-,,,,-,,,,ติดต่อใหม่,55466,ติดต่อใหม่,ติดต่อใหม่,30/1/2026,"หมอแจ้งวาตอนนี้ตรวจคนไข้อยู่ อาจจะยังไม่สะดวกค้าบ
30/1/2026 ไม่รับสาย",,0.ยังไม่ได้ติดต่อ,,
222,55905,คลินิกเวชกรรมแพทย์หญิงอภิญญา,ร้อยเอ็ด,ณิชกุล เจริญสุข,-,-,,,,-,,,,ติดต่อใหม่,55905,ติดต่อใหม่,ติดต่อใหม่,26/2/2026,"ไม่รับสาย
30/1/2026 ไม่รับสาย
13/02/26 โทรไม่ติด
18/02/26 ไม่รับสาย
19/02/26 ไม่รับสาย
20/02/26 ไม่รับสาย 17.17 น.
24/02/26 ไม่รับสาย 17.05 น.
25/02/26 ไม่รับสาย 16.44 น.
26/02/26 ไม่รับสาย 17.15 น.",,0.ยังไม่ได้ติดต่อ,,
223,CA0000229,ห่วงใยเฮลท์คลินิกเวชกรรม,กรุงเทพมหานคร,ธนวัฒน์ เศวตวงศ์,-,-,,,,-,,,,รอพิจารณา,CA0000229,รอพิจารณา,รอพิจารณา,13/1/2026,เครือรักสุขภาพ,,0.ยังไม่ได้ติดต่อ,,
224,55686,คลินิกเวชกรรมหมอธนชัย-เจษฎา,พะเยา,ธวัชชัย รุ่งเสถียรภูธร,-,-,,,,2. นำส่ง User ให้ลูกค้าเเล้ว,22/1/2026,ยังไม่ได้เริ่มใช้งาน เดี๋ยวจะลองใช้งานและจะ feedback ให้อีกครั้ง (1-2 สัปดาห์นับจากวันที่ 12/2/2026 ตรวจสอบ log และติดตามใหม่),,สนใจ iService,55686,ไม่สนใจ AI,สนใจ iService,22/1/2026,สนใจ iservice,มี iservice,0.ยังไม่ได้ติดต่อ,,
225,41576,คลินิกหมอสมดั่งใจ คลินิกเฉพาะทางด้านเวชกรรมสาขลาเวชศาสตร์ครอบครัว,สุราษฎร์ธานี,จตุพร ผาสุจิต,-,-,,,,-,,,,ติดต่อใหม่,41576,ติดต่อใหม่,ติดต่อใหม่,20/2/2026,"ไม่รับสาย
30/1/2026 ขับรถอยู่
20/02/26 หมอแจ้งว่า หมอตรวจคนไข้อยู่ค่า 17.26 น.",,0.ยังไม่ได้ติดต่อ,,
226,54301,คลินิกเวชกรรมเฉพาะทางด้านอายุรกรรมแพทย์ทหาร,อุตรดิตถ์,จตุพร ผาสุจิต,-,-,,,,-,,,,ติดต่อใหม่,54301,ติดต่อใหม่,ติดต่อใหม่,30/1/2026,"หมอเเจ้งว่า ไม่ค่อยว่า เดี๋ยวให้เลขาติดต่อ
30/1/2026 ไม่รับสาย",,0.ยังไม่ได้ติดต่อ,,
227,49198,คลินิกเวชกรรมนายแพทย์นราศักดิ์,สุรินทร์,ชลธิชา ช่วยพันธ์,-,-,,,,-,,,,ไม่สนใจทั้งสองระบบ,49198,ไม่สนใจ AI,ไม่สนใจ iService,22/1/2026,หมอยังไม่สนใจ,,0.ยังไม่ได้ติดต่อ,,
228,CA0000518,คลินิกเวชกรรมหมอขวัญ,ร้อยเอ็ด,ชลธิชา ช่วยพันธ์,-,-,,,,-,,,,ไม่สนใจทั้งสองระบบ,CA0000518,ไม่สนใจ AI,ไม่สนใจ iService,22/1/2026,ตอนนยังค่ะ,,0.ยังไม่ได้ติดต่อ,,
229,54316,คลินิกเวชกรรมแพทย์หญิงยุวธิดา,เพชรบูรณ์,จตุพร ผาสุจิต,-,-,,,,-,,,,ติดต่อใหม่,54316,ติดต่อใหม่,ติดต่อใหม่,30/1/2026,"คุณหมอขับรถ เดี๋ยวคุณรอขอติดตามข้อมูลหลัง reactivate เสร็จ 
30/1/2026 เดวค่อยคุยกันนะ ตอนนี้ิอย่ข้างถนน",,0.ยังไม่ได้ติดต่อ,,
230,CA0000606,แม่ตืนคลินิกเวชกรรม,ลำพูน,ชลธิชา ช่วยพันธ์,-,-,,,,-,,,,ไม่สนใจทั้งสองระบบ,CA0000606,ไม่สนใจ AI,ไม่สนใจ iService,22/1/2026,ไม่ได้ใช้ระบบ เนื่องจากไม่ได้เคลมกัล สปสช.,,0.ยังไม่ได้ติดต่อ,,
231,CA0000047,ปวริศ เวลเนส คลินิกเวชกรรม สาขาคุรุ,ยะลา,จตุพร ผาสุจิต,-,-,,,,-,,,,รอพิจารณา,CA0000047,รอพิจารณา,รอพิจารณา,30/1/2026,30/1/2026 มีส่งข้อมูลให้ทางผู้จัดการแล้ว,,0.ยังไม่ได้ติดต่อ,,
232,CA0000931,คลินิกเวชกรรมนายแพทย์อภิจักร,พิจิตร,ชลธิชา ช่วยพันธ์,2.4 ทางคลินิกกด Activate,อยู่ระหว่างสมัคร Provider ID,20/2/2026,พี่น้ำฝนนำเข้าข้อมูลให้เเล้ว รอหมอกด activate,,0. แจ้ง BD เปิดระบบ iservice,20/2/2026,20/02/26 รอใช้พร้อม AI,,สนใจ AI+iService,CA0000931,สนใจ AI,สนใจ iService,19/2/2026,"ไม่รับสาย
13/02/26 หมอเเจ้งว่า อีก 5 นาทีติดต่อกลับได้ไหม
19/02/26 หมอเเจ้งว่า สนใจทั้ง 2 ระบบ",,0.ยังไม่ได้ติดต่อ,,
233,CA0001681,คลินิกเวชกรรมครอบครัวปัตตานี,ปัตตานี,ธนาภรณ์ สายทองดี,-,-,,,,-,,,,ติดต่อใหม่,CA0001681,ติดต่อใหม่,ติดต่อใหม่,24/2/2026,"23/01/26 หมอติดตรวจคนไข้อยู่ค่า
24/02/26 หมอติดคนไข้เยอะเลย",,0.ยังไม่ได้ติดต่อ,,
234,CA0000248,คลินิกเวชกรรมบ้านห้วยต้ม,ลำพูน,ปาณิสรา ตรีรัตนธำรง,-,-,,,,2. นำส่ง User ให้ลูกค้าเเล้ว,20/2/2026,"ยังไม่มีการเข้าใช้งาน
20/02/26 ยังไม่มีเวลาใช้งาน",,สนใจ iService,CA0000248,ไม่สนใจ AI,สนใจ iService,22/1/2026,สนใจ iservice,มี iservice,0.ยังไม่ได้ติดต่อ,,
235,CA0000975,คลินิกเวชกรรมบ้านหมอก้อย,พิจิตร,ธนาภรณ์ สายทองดี,-,-,,,,-,,,,ติดต่อใหม่,CA0000975,ติดต่อใหม่,ติดต่อใหม่,23/1/2026,หมอเเจ้งว่า ออก OPD อญู่อะค่ะ เดี๋ยวโทรกลับตอนเที่ยงได้ไหมคะ,,0.ยังไม่ได้ติดต่อ,,
236,CA0000837,แพทย์เขาแดงคลินิกเวชกรรม,นครสวรรค์,อริสรา ส่วนบุญ,-,-,,,,3. ลูกค้าทดลองใช้,06/12/2025,,,สนใจ iService,CA0000837,ไม่สนใจ AI,สนใจ iService,23/1/2026,ประชาสัมพันธ์ AI เเล้ว,มี iservice,0.ยังไม่ได้ติดต่อ,,
237,CA0001529,คลินิกเวชกรรมนายแพทย์ศักดิ์ดา,นครสวรรค์,ธวัชชัย รุ่งเสถียรภูธร,1.1 ส่งให้ลูกค้ากรอก,อยู่ระหว่างสมัคร Provider ID,24/2/2026,"23/02/26 พี่จ๊อยเชิญชวนตุณหมอแล้ว เเจ้งว่าหมอสนใจทุกระบบ
24/02/26 ไนซ์กรอกข้อมูลได้ไม่ครบ หมอไม่แนบใบ สพ.7กับ สพ19",,0. แจ้ง BD เปิดระบบ iservice,23/2/2026,23/02/26 พี่จ๊อยเชิญชวนตุณหมอแล้ว เเจ้งว่าหมอสนใจทุกระบบ,,สนใจ AI+iService,CA0001529,สนใจ AI,สนใจ iService,23/1/2026,หมอเเจ้งว่่ายังติดงานอยู่เลยคับ เอาเป็นซักตอนเที่ยงหรือหลังเที่ยงก็ได้ครับ,,0.ยังไม่ได้ติดต่อ,,
238,19247,คลินิกเวชกรรมหมอสุกิจ,พะเยา,จตุพร ผาสุจิต,-,-,,,,3. ลูกค้าทดลองใช้,27/1/2026,27/02/26 ใช้งานวันนีิ,,สนใจ iService,19247,ไม่สนใจ AI,สนใจ iService,23/1/2026,ประชาสัมพันธ์ AI เเล้ว หมอเเจ้งว่า ยังไงจะลองเข้าไปศึกษาดู,มี iservice,0.ยังไม่ได้ติดต่อ,,
239,CA0000585,คลินิกเวชกรรมหมอฐิตาภรณ์,มหาสารคาม,จตุพร ผาสุจิต,-,-,,,,-,,,,ไม่สนใจทั้งสองระบบ,CA0000585,ไม่สนใจ AI,ไม่สนใจ iService,24/2/2026,"23/01/26 หมอแจ้งว่า พอดีตรวจคนไข้อยู่ค่า
24/02/26 หมอจะปิดคลินิกเเล้ว ไม่ทำเเล้ว แต่มีผอ.สนใจจะแนะนำให้",,0.ยังไม่ได้ติดต่อ,,
240,CA0000252,ใกล้หมอคลินิกเวชกรรม สาขาประโคนชัย,บุรีรัมย์,ณิชกุล เจริญสุข,1.1 ส่งให้ลูกค้ากรอก,8.ไม่สนใจ,20/02/2026,16/01/26 อายส่งไฟล์ให้ลูกค้ากรอก 11/2 ถามฟีดแบคแล้วคุณหมอยังไม่มีเวลามาใช้งาน 20/2 หมอแจ้งว่ายังไม่จำเป็น จึงไม่สนใจใช้งาน,,4.ทดลองใช้เเล้วยกเลิก,20/2/2026,"13/01/26 เปิดระบบ นำส่งให้ลูกค้า
13/02/26 ลูกค้าใช้งานล่าสุด
20-/02/26 ตัวระบบดึง Report ได้ดี แต่สำหรับคลินิกยังไม่จำเป็น ขอยกเลิกการใช้งานก่อน",ตัวระบบดึง Report ได้ดี แต่สำหรับคลินิกยังไม่จำเป็น ขอยกเลิกการใช้งานก่อน,สนใจ iService,CA0000252,ไม่สนใจ AI,สนใจ iService,20/2/2026,"คุณหมอแจ้งว่า สนใจทั้ง 2 ระบบ 
20/02/26 หมอไม่สนใจ AI แล้ว และขอยกเลิกใช้ iservice",มี iservice,0.ยังไม่ได้ติดต่อ,,
241,CA0000795,รักษ์สุขภาพบางบอน 1 คลินิกเวชกรรม,กรุงเทพมหานคร,ธนวัฒน์ เศวตวงศ์,-,-,,,,-,,,,รอพิจารณา,CA0000795,รอพิจารณา,รอพิจารณา,13/1/2026,เครือรักสุขภาพ,,0.ยังไม่ได้ติดต่อ,,
242,CA0000733,รักษ์สุขภาพพระราม 2 คลินิกเวชกรรม,กรุงเทพมหานคร,ธนวัฒน์ เศวตวงศ์,-,-,,,,-,,,,รอพิจารณา,CA0000733,รอพิจารณา,รอพิจารณา,13/1/2026,เครือรักสุขภาพ,,0.ยังไม่ได้ติดต่อ,,
243,CA0000644,รักษ์ดอนเมืองคลินิกเวชกรรม,กรุงเทพมหานคร,ธนวัฒน์ เศวตวงศ์,-,-,,,,-,,,,รอพิจารณา,CA0000644,รอพิจารณา,รอพิจารณา,13/1/2026,เครือรักสุขภาพ,,0.ยังไม่ได้ติดต่อ,,
244,CA0000963,รักษ์รามมงคลคลินิกเวชกรรม,กรุงเทพมหานคร,ธนวัฒน์ เศวตวงศ์,-,-,,,,-,,,,รอพิจารณา,CA0000963,รอพิจารณา,รอพิจารณา,13/1/2026,เครือรักสุขภาพ,,0.ยังไม่ได้ติดต่อ,,
245,CA0000926,รักษ์สุขภาพสะแกงาม 5 คลินิกเวชกรรม,กรุงเทพมหานคร,ธนวัฒน์ เศวตวงศ์,-,-,,,,-,,,,รอพิจารณา,CA0000926,รอพิจารณา,รอพิจารณา,13/1/2026,เครือรักสุขภาพ,,0.ยังไม่ได้ติดต่อ,,
246,CA0000943,เรือนรักษ์ษาคลินิกเวชกรรม,กรุงเทพมหานคร,ธนวัฒน์ เศวตวงศ์,-,-,,,,-,,,,รอพิจารณา,CA0000943,รอพิจารณา,รอพิจารณา,13/1/2026,เครือรักสุขภาพ,,0.ยังไม่ได้ติดต่อ,,
247,CA0001030,รักษ์ทุ่งสองห้องคลินิกเวชกรรม,กรุงเทพมหานคร,ธนวัฒน์ เศวตวงศ์,-,-,,,,-,,,,รอพิจารณา,CA0001030,รอพิจารณา,รอพิจารณา,13/1/2026,เครือรักสุขภาพ,,0.ยังไม่ได้ติดต่อ,,
248,CA0001379,ชีวกัญคลีนิกการแพทย์แผนไทย,สมุทรปราการ,ชลธิชา ช่วยพันธ์,-,-,,,,-,,,,ไม่สนใจทั้งสองระบบ,CA0001379,ไม่สนใจ AI,ไม่สนใจ iService,23/1/2026,หมอเเจ้งว่า ตอนนี้ยังค่า,,0.ยังไม่ได้ติดต่อ,,
249,55805,คลินิกเวชกรรมแพทย์ศุภวิชญ์-ศิริลักษ์,เชียงราย,ณิชกุล เจริญสุข,-,-,,,,2. นำส่ง User ให้ลูกค้าเเล้ว,17/2/2026,"09/01/26 เปิดระบบ นำส่งให้ลูกค้า
17/02/26 BD ติดตาม ลูกค้าเเจ้งว่าจะทดลองใช้",,สนใจ iService,55805,ไม่สนใจ AI,สนใจ iService,23/1/2026,สนใจ iservice,มี iservice,0.ยังไม่ได้ติดต่อ,,
250,CA0000166,คลินิกเวชกรรมหมอพร้อม,ร้อยเอ็ด,จตุพร ผาสุจิต,3.มี Provider ID สำหรับคลินิกเเล้ว,5.1 Training การใช้งาน,10/02/2026,รอนัดหมายเทรนนิ่ง สอนการใช้งาน,,-,,,,สนใจ AI,CA0000166,สนใจ AI,ไม่สนใจ iService,10/2/2026,สนใจ iservice,,0.ยังไม่ได้ติดต่อ,,
251,CA0001198,คลินิกเวชกรรมแพทย์หญิงณัชฎา,อุบลราชธานี,ชลธิชา ช่วยพันธ์,-,-,,,,-,,,,รอพิจารณา,CA0001198,รอพิจารณา,รอพิจารณา,23/1/2026,ขอสอบถามคุณหมอผู้ชายก่อน,,0.ยังไม่ได้ติดต่อ,,
252,51775,คลินิกเวชกรรมนายแพทย์ชาคริตร์,เพชรบูรณ์,ชลธิชา ช่วยพันธ์,-,-,,,,-,,,,ติดต่อใหม่,51775,ติดต่อใหม่,ติดต่อใหม่,19/2/2026,"23/01/26 หมอแจ้งว่าติดงานอยู่ครับ 13.36 น.
19/02/26 แจ้งว่า อ๋อยังๆ ติดงานอยู่ 16.34 น.",,0.ยังไม่ได้ติดต่อ,,
253,CA0001357,คลินิกเวชกรรมนายแพทย์คิมธวัช,บุรีรัมย์,จตุพร ผาสุจิต,-,-,,,,-,,,,ติดต่อใหม่,CA0001357,ติดต่อใหม่,ติดต่อใหม่,24/2/2026,"23/01/26 หมอแจ้งว่า ติดงานอยู่ครับ โทรช่วงเย็นนะครับ
24/02/26 ไม่รับสาย",,0.ยังไม่ได้ติดต่อ,,
254,51148,คลินิกเวชกรรมนายแพทย์กุลพล,น่าน,จตุพร ผาสุจิต,-,-,,,,2. นำส่ง User ให้ลูกค้าเเล้ว,27/2/2026,"และ ตรงรายงานสรุปค่าใช้จ่ายของข้าราชการ กับ ประกันสังคม ไม่ขึ้น
27/2/2026 แจ้งว่ายังไม่มีเวลาเข้าใช้งาน",,สนใจ iService,51148,ไม่สนใจ AI,สนใจ iService,23/1/2026,สนใจ iservice,มี iservice,0.ยังไม่ได้ติดต่อ,,
255,54065,คลินิกเวชกรรมอุ่นใจ๋,น่าน,ธนวิชญ์ สถิตคุณอนันต์,-,-,,,,-,,,,ติดต่อใหม่,54065,ติดต่อใหม่,ติดต่อใหม่,23/1/2026,เเจ้งว่าติดงานอยู่ค่า,,0.ยังไม่ได้ติดต่อ,,
256,CA0001639,คลินิกเวชกรรมหมอฝน,ยะลา,ธนวิชญ์ สถิตคุณอนันต์,-,-,,,,3. ลูกค้าทดลองใช้,16/12/2025,16/12/25 ใช้งานล่าสุด,,สนใจ iService,CA0001639,ไม่สนใจ AI,สนใจ iService,23/1/2026,,มี iservice,0.ยังไม่ได้ติดต่อ,,
257,CA0000532,คลินิกเวชกรรมนายแพทย์พิชยา,กาฬสินธุ์,ณิชกุล เจริญสุข,-,-,,,,-,,,,รอพิจารณา,CA0000532,รอพิจารณา,รอพิจารณา,23/1/2026,แจ้งให้คุณอายส่งรายละเอียดมาทางไลน์,,0.ยังไม่ได้ติดต่อ,,
258,CA0000150,คลินิกเวชกรรมแพทย์พรหมมินทร์,สมุทรสงคราม,ศิรภัสสร ฐิตะจิราพงษ์,-,-,,,,-,,,,ติดต่อใหม่,CA0000150,ติดต่อใหม่,ติดต่อใหม่,24/2/2026,"23/01/26 หมอเเจ้งว่าติดงานอยู่คับ
24/02/26 ไม่รับสาย",,0.ยังไม่ได้ติดต่อ,,
259,55919,คลินิกเวชกรรม​ ​หมอณัฐพงศ์,ลำปาง,ธนวิชญ์ สถิตคุณอนันต์,-,-,,,,-,,,,ติดต่อใหม่,55919,ติดต่อใหม่,ติดต่อใหม่,23/1/2026,หมอแจ้งว่าตอนนี้ตรวจคนไข้อยู่คับ เป็นตอนเย็นนะครับ 13.55 น.,,0.ยังไม่ได้ติดต่อ,,
260,CA0000801,คลินิกเวชกรรมหมอพันธกานต์,ลำปาง,ณิชกุล เจริญสุข,-,-,,,,-,,,,ติดต่อใหม่,CA0000801,ติดต่อใหม่,ติดต่อใหม่,24/2/2026,"หมอเฝ้าลูกนอนอยู่
19/02/26 ไม่ติด 
20/02/26 ไม่ติด 17.24 น.
24/02/26 หมอกำลังอาบน้ำ 17.07 น.",,0.ยังไม่ได้ติดต่อ,,
261,CA0001278,รักษ์รามประเวศคลินิกเวชกรรม,กรุงเทพมหานคร,ธนวัฒน์ เศวตวงศ์,-,-,,,,-,,,,รอพิจารณา,CA0001278,รอพิจารณา,รอพิจารณา,13/1/2026,เครือรักสุขภาพ,,0.ยังไม่ได้ติดต่อ,,
262,CA0000315,คลินิกเวชกรรมแพทย์หญิงยุวธิดา,เพชรบูรณ์,จตุพร ผาสุจิต,-,-,,,,-,,,,ติดต่อใหม่,CA0000315,ติดต่อใหม่,ติดต่อใหม่,23/1/2026,คุณหมอขับรถ เดี๋ยวคุณรอขอติดตามข้อมูลหลัง reactivate เสร็จ ,,0.ยังไม่ได้ติดต่อ,,
263,CA0000464,คลินิกเวชกรรมแพทย์หญิงเพชราภรณ์,พะเยา,จตุพร ผาสุจิต,-,-,,,,-,,,,ไม่สนใจทั้งสองระบบ,CA0000464,ไม่สนใจ AI,ไม่สนใจ iService,23/1/2026,หมอแจ้งว่ายังค่ะๆ,,0.ยังไม่ได้ติดต่อ,,
264,CA0000804,คลินิกเวชกรรมเจริญรักษ์การแพทย์,ศรีสะเกษ,อริสรา ส่วนบุญ,-,-,,,,-,,,,ไม่สนใจทั้งสองระบบ,CA0000804,ไม่สนใจ AI,ไม่สนใจ iService,23/1/2026,บอกเเจ้งว่ายังคับ ยังใช้อันเดิมอยู่ครับ,,0.ยังไม่ได้ติดต่อ,,
265,CA0000490,คลินิกเวชกรรมเจริญรักษ์การแพทย์ สาขาขุนหาญ,ศรีสะเกษ,อริสรา ส่วนบุญ,-,-,,,,-,,,,ไม่สนใจทั้งสองระบบ,CA0000490,ไม่สนใจ AI,ไม่สนใจ iService,23/1/2026,,,0.ยังไม่ได้ติดต่อ,,
266,CA0001265,หมอภูริณัฐคลินิกเวชกรรม,เชียงใหม่,ชลธิชา ช่วยพันธ์,-,-,,,,-,,,,ไม่สนใจทั้งสองระบบ,CA0001265,ไม่สนใจ AI,ไม่สนใจ iService,14/1/2026,มีปัญหาเรื่องสิทธิบัตรทอง เลยยังไม่ค่อยได้ใช้ระบบ,,0.ยังไม่ได้ติดต่อ,,
267,45163,อยู่ดีมีสุขคลินิกเวชกรรม,กรุงเทพมหานคร,ธนาภรณ์ สายทองดี,0.ยังไม่มี Provider ID สำหรับคลินิก,แจ้ง BD ส่งเอกสาร Provider ID,20/2/2026,,,2. นำส่ง User ให้ลูกค้าเเล้ว,27/2/2026,27/02/26 แจ้งว่า จะนำส่ง User ให้ลูกค้าวันนี้ ติดตาม BD ,,สนใจ AI+iService,45163,สนใจ AI,สนใจ iService,19/2/2026,"ไม่รับสาย
12/02/26 ไม่รับสาย
13/02/26 ไม่รับสาย
18/02/26 ไม่รับสาย
19/02/26 หมอเเจ้งว่า สนใจทั้ง 2 ระบบ",,0.ยังไม่ได้ติดต่อ,,
268,55073,คลินิกเวชกรรมนิคมนวนคร,ปทุมธานี,ธวัชชัย รุ่งเสถียรภูธร,-,-,,,,-,,,,ไม่สนใจทั้งสองระบบ,55073,ไม่สนใจ AI,ไม่สนใจ iService,15/1/2026,ทางคลินิกเเจ้งว่า ตอนนี้ยังไม่สนใจค่า เนื่องจากระบบใหม่ของ สปสช.,,0.ยังไม่ได้ติดต่อ,,
269,26129,คลินิกเวชกรรมหมอเฉลิมชัย,แพร่,ณิชกุล เจริญสุข,-,-,,,,-,,,,รอพิจารณา,26129,รอพิจารณา,รอพิจารณา,23/1/2026,หมอแจ้งว่า เดี๋ยวขอศึกษาดูก่อนเนาะ,,0.ยังไม่ได้ติดต่อ,,
270,25770,คลินิกเวชกรรมนายแพทย์ถนัด,นราธิวาส,ธวัชชัย รุ่งเสถียรภูธร,-,-,,,,-,,,,ติดต่อใหม่,25770,ติดต่อใหม่,ติดต่อใหม่,25/2/2026,25/02/26 หมอแจ้งว่าติดงานอยู่คับ 15.26 น.,,0.ยังไม่ได้ติดต่อ,,
271,51184,คลินิกเวชกรรมแพทย์คมเลนส์,บุรีรัมย์,ธนาภรณ์ สายทองดี,-,-,,,,-,,,,ติดต่อใหม่,51184,ติดต่อใหม่,ติดต่อใหม่,25/2/2026,25/02/26 หมอแจ้งประชุมอยู่คับ 15.36 น.,,0.ยังไม่ได้ติดต่อ,,
272,CA0000497,ระยองเวชศาสตร์ คลินิกเวชกรรม,ระยอง,จตุพร ผาสุจิต,-,-,,,,-,,,,ติดต่อใหม่,CA0000497,ติดต่อใหม่,ติดต่อใหม่,25/2/2026,25/02/26 ทางคลินิกเเจ้งว่า ตอนนี้ขับรอยู่ค่ะ ไม่สะดวก 15.40 น.,,0.ยังไม่ได้ติดต่อ,,
273,43971,อิสเทิร์นสยามคลินิกเวชกรรม 5 สาขา อมตะซิตี้-โรจนะปลวกแดง,ระยอง,จตุพร ผาสุจิต,-,-,,,,3. ลูกค้าทดลองใช้,27/2/2026,27/02/26 ตรตวจสอบในระบบ มีการใช้งานอยู่ 1 log,,สนใจ iService,43971,ไม่สนใจ AI,สนใจ iService,27/2/2026,27/02/26 ตรวจสอบในระบบมีการใช้งาน iservice,มี iservice,0.ยังไม่ได้ติดต่อ,,
274,CA0002080,ศิชลการแพทย์คลินิกเวชกรรม,อุตรดิตถ์,จตุพร ผาสุจิต,-,-,,,,-,,,,ติดต่อใหม่,CA0002080,ติดต่อใหม่,ติดต่อใหม่,25/2/2026,25/02/26 หมอเเจ้งว่า คือพี่ใช้อยู่เเล้วนะคะ อัพเดทข้อมูลทางไลน์ได้เลยค่ะ (เเจ้งะี่หนึ่งแระชาสัมพันธ์ทางไลน์),,0.ยังไม่ได้ติดต่อ,,
275,CA0002454,คลินิกเวชกรรมหมอจักรกฤช,ร้อยเอ็ด,จตุพร ผาสุจิต,-,-,,,,3. ลูกค้าทดลองใช้,25/2/2026,โทรสอบถาม คุณหมอใช้งานอยู่,,สนใจ iService,CA0002454,ไม่สนใจ AI,สนใจ iService,25/2/2026,AI เคยลองใช้ มีข้อจำกัดด้านภาษาถิ่น Iservice ทดลองใช้อยู่ มี Feedback เบื้องต้น คือ เมนูที่มีอยู่ยังไม่ค่อยจำเป็น มี Feedback เพิ่มเติม เดี๋ยวให้ BD ติดตาม,มี iservice,1.ประชาสัมพันธ์แล้ว,25/2/2026,รอติดตาม Feedback
276,37022,หมอสันติคลินิกเฉพาะทางด้านเวชกรรมสาขาอายุรกรรม,ลำพูน,ชลธิชา ช่วยพันธ์,-,-,,,,-,,,,ติดต่อใหม่,37022,ติดต่อใหม่,ติดต่อใหม่,25/2/2026,25/02/26 ไม่รับสาย,,0.ยังไม่ได้ติดต่อ,,
277,CA0001984,สะเดาการแพทย์ คลินิกเวชกรรม,สงขลา,จตุพร ผาสุจิต,-,-,,,,-,,,,ติดต่อใหม่,CA0001984,ติดต่อใหม่,ติดต่อใหม่,25/2/2026,25/02/26 หมอเเจ้งว่าขับรถอยู่ค่า 16.11 น.,,0.ยังไม่ได้ติดต่อ,,
278,CA0001950,คลินิกเวชกรรมแพทย์หญิงชเอม สาขาบ้านกรวดปัญญาวัฒน์,บุรีรัมย์,ณิชกุล เจริญสุข,2.4 ทางคลินิกกด Activate,อยู่ระหว่างสมัคร Provider ID,26/02/2026,"26/02/26 แจ้ง BD ว่าลูกค้าสนใจ
27/02/26 ไนซ์กรอกข้อมูล Provider ID ให้ / พี่น้ำฝนนำเข้าเเล้ว รอคลินิกกด activate",,2. นำส่ง User ให้ลูกค้าเเล้ว,26/2/2026,,,สนใจ AI+iService,CA0001950,สนใจ AI,สนใจ iService,25/2/2026,หมอเเจ้งว่า สนใจทดลองใช้ทั้ง 2 ระบบ,,1.ประชาสัมพันธ์แล้ว,25/2/2026,รอติดตาม Feedback
279,CA0002094,บ้านใหม่ คลินิกเวชกรรม,เชียงราย,ณิชกุล เจริญสุข,-,-,,,,-,,,,ติดต่อใหม่,CA0002094,ติดต่อใหม่,ติดต่อใหม่,25/2/2026,25/02/26 ไม่รับสาย 16.20 น.,,0.ยังไม่ได้ติดต่อ,,
280,CA0002218,สำโรงคลินิกเวชกรรม,สมุทรปราการ,ธนวิชญ์ สถิตคุณอนันต์,-,-,,,,-,,,,ติดต่อใหม่,CA0002218,ติดต่อใหม่,ติดต่อใหม่,25/2/2026,เจ้าของเดียวกับกับรักษ์ดีคลินิก,,0.ยังไม่ได้ติดต่อ,,
281,48163,ไออุ่นธิยาสหคลินิก,กรุงเทพมหานคร,ชลธิชา ช่วยพันธ์,-,-,,,,-,,,,ติดต่อใหม่,48163,ติดต่อใหม่,ติดต่อใหม่,25/2/2026,25/02/26 แจ้งว่า ให้ติดต่ออีกเบอร์อันนี้เป็นเบอร์ส่วนตัว,,0.ยังไม่ได้ติดต่อ,,
282,52786,นายแพทย์กิติภูมิคลินิกเวชกรรม,ชัยภูมิ,จตุพร ผาสุจิต,-,-,,,,-,,,,ไม่สนใจทั้งสองระบบ,52786,ไม่สนใจ AI,ไม่สนใจ iService,25/2/2026,25/02/26 หมอแจ้งว่า พอดีตอนนี้ออกจากสปสช.เลยยังไม่เเน่ใจว่าคนไข้จะเยอะหือน้อยจนถึงขั้นใช้ AI เลยไหม,,0.ยังไม่ได้ติดต่อ,,
283,CA0000625,คลินิกเวชกรรมจันสุวรรณ,กรุงเทพมหานคร,ณิชกุล เจริญสุข,-,-,,,,2. นำส่ง User ให้ลูกค้าเเล้ว,27/2/2026, 27/02/26 ส่ง User ให้ลูกค้าเเล้ว,,สนใจ iService,CA0000625,ไม่สนใจ AI,สนใจ iService,25/2/2026,25/02/26 สนใจ Iservice ยังไม่สนใจ AI ,,1.ประชาสัมพันธ์แล้ว,25/2/2026,รอติดตาม Feedback
284,CA0001865,บาโงยซิเเน สหคลินิก,ยะลา,ธวัชชัย รุ่งเสถียรภูธร,-,-,,,,-,,,,ติดต่อใหม่,CA0001865,ติดต่อใหม่,ติดต่อใหม่,26/2/2026,26/02/26 ไม่รับสาย 16.52 น.,,0.ยังไม่ได้ติดต่อ,,
285,CA0002258,โศรดา สหคลินิก,ยะลา,ปาณิสรา ตรีรัตนธำรง,-,-,,,,-,,,,ติดต่อใหม่,CA0002258,ติดต่อใหม่,ติดต่อใหม่,26/2/2026,26/02/26 ทางคลินิกเเจ้งว่า ติดงานอยู่ค่า ค่อยโ?รมาพนุ่งนี้นะคะ 16.53 น.,,0.ยังไม่ได้ติดต่อ,,
286,CA0000807,ฮักแพง สหคลินิก,ขอนแก่น,ชลธิชา ช่วยพันธ์,-,-,,,,-,,,,ติดต่อใหม่,CA0000807,ติดต่อใหม่,ติดต่อใหม่,26/2/2026,26//02/26 ได้ยินเสียงประชุมอยู่ เเจ้งว่า ประชุมอยู่ครับ 16.54 น.,,0.ยังไม่ได้ติดต่อ,,
287,41985,แข็งแรงคลินิกเวชกรรม,กรุงเทพมหานคร,ชลธิชา ช่วยพันธ์,-,-,,,,-,,,,ไม่สนใจทั้งสองระบบ,41985,ไม่สนใจ AI,ไม่สนใจ iService,26/2/2026,26/02/26 ยังไม่สนใจใช้งาน,,1.ประชาสัมพันธ์แล้ว,26/2/2026,ประชาสันพันธ์เเล้ว รอติดตาม
288,90117,คลินิกเวชกรรมนายแพทย์จิราชัย,ร้อยเอ็ด,ชลธิชา ช่วยพันธ์,-,-,,,,-,,,,ยกเลิกสัญญา,90117,ยกเลิกสัญญา,ยกเลิกสัญญา,26/2/2026,,,0.ยังไม่ได้ติดต่อ,,
289,90206,นายแพทย์กิตติชัย แล็บเฮลท์ สหคลินิก,กาญจนบุรี,จตุพร ผาสุจิต,-,-,,,,3. ลูกค้าทดลองใช้,27/2/2026,27/2/2026 พอใช้งานได้อยู่แต่อยากให้ข้อมูลมัน ขึ้นวันที่ปัจจุบันได้ดีมากขึ้น,,สนใจ iService,90206,ไม่สนใจ AI,สนใจ iService,27/2/2026,เป็น สหคลินิก ใช้งาน iservice อยู่เเล้ว,มี iservice,0.ยังไม่ได้ติดต่อ,,